-- phpMyAdmin SQL Dump
-- version phpStudy 2014
-- http://www.phpmyadmin.net
--
-- ä¸»æœº: localhost
-- ç”Ÿæˆæ—¥æœŸ: 2019 å¹?08 æœ?06 æ—?20:07
-- æœåŠ¡å™¨ç‰ˆæœ¬: 5.5.40
-- PHP ç‰ˆæœ¬: 5.6.1

SET SQL_MODE="NO_AUTO_VALUE_ON_ZERO";
SET time_zone = "+00:00";


/*!40101 SET @OLD_CHARACTER_SET_CLIENT=@@CHARACTER_SET_CLIENT */;
/*!40101 SET @OLD_CHARACTER_SET_RESULTS=@@CHARACTER_SET_RESULTS */;
/*!40101 SET @OLD_COLLATION_CONNECTION=@@COLLATION_CONNECTION */;
/*!40101 SET NAMES utf8 */;

--
-- æ•°æ®åº“: `hlbservice`
--

-- --------------------------------------------------------

--
-- è¡¨çš„ç»“æ„ `pp_about_us`
--

CREATE TABLE IF NOT EXISTS `pp_about_us` (
  `id` int(11) unsigned NOT NULL AUTO_INCREMENT COMMENT 'è‡ªå¢id',
  `content` text NOT NULL COMMENT 'æ–‡ç« ',
  `status` tinyint(1) NOT NULL DEFAULT '0' COMMENT 'çŠ¶æ€ï¼š1-æ­£å¸¸ï¼Œ0-åˆ é™¤',
  `create_id` int(11) NOT NULL DEFAULT '0' COMMENT 'ç”¨æˆ·ID',
  `update_id` int(11) NOT NULL DEFAULT '0' COMMENT 'ç”¨æˆ·ID',
  `create_time` int(11) NOT NULL DEFAULT '0' COMMENT 'åˆ›å»ºæ—¶é—´',
  `update_time` int(11) NOT NULL DEFAULT '0' COMMENT 'åˆ›å»ºæ—¶é—´',
  `title` varchar(150) NOT NULL DEFAULT '' COMMENT 'æ ‡é¢˜',
  `video_path` varchar(200) NOT NULL DEFAULT '' COMMENT 'è§†é¢‘åœ°å€',
  `type` int(1) NOT NULL COMMENT 'æ–‡ç« å±æ€§ 1 å…¬å¸ç®€ä»‹ï¼Œ2 å…¬å¸ç†å¿µ3æŒ‚ç‰Œå››æ¿,4æœåŠ¡å®¢æˆ·',
  PRIMARY KEY (`id`)
) ENGINE=InnoDB  DEFAULT CHARSET=utf8mb4 AUTO_INCREMENT=44 ;

--
-- è½¬å­˜è¡¨ä¸­çš„æ•°æ® `pp_about_us`
--

INSERT INTO `pp_about_us` (`id`, `content`, `status`, `create_id`, `update_id`, `create_time`, `update_time`, `title`, `video_path`, `type`) VALUES
(28, '<h3>\r\n	æ ‡é¢˜\r\n</h3>\r\n<table style="width:100%;" cellspacing="0" cellpadding="2" border="1">\r\n	<tbody>\r\n		<tr>\r\n			<td>\r\n				<h3>\r\n					æ ‡é¢˜1\r\n				</h3>\r\n			</td>\r\n			<td>\r\n				<h3>\r\n					æ ‡é¢˜1\r\n				</h3>\r\n			</td>\r\n		</tr>\r\n		<tr>\r\n			<td>\r\n				å†…å®¹1\r\n			</td>\r\n			<td>\r\n				å†…å®¹2\r\n			</td>\r\n		</tr>\r\n		<tr>\r\n			<td>\r\n				å†…å®¹3\r\n			</td>\r\n			<td>\r\n				å†…å®¹4\r\n			</td>\r\n		</tr>\r\n	</tbody>\r\n</table>\r\n<p>\r\n	è¡¨æ ¼è¯´æ˜\r\n</p>', 1, 0, 0, 1535469116, 1535794050, 'å‘è¡Œè‚¡ä»½1111', 'çš„ v å¥‹æ–—222', 1),
(29, '', 1, 0, 0, 1535469985, 1535470004, 'æ³•å›½æ¢å¤åˆšåƒ1111', 'æ³•å›½æ³•111', 2),
(30, '<span style="line-height:1;">\r\n<table style="width:100%;" cellspacing="0" cellpadding="2" bordercolor="#000000" border="1">\r\n	<tbody>\r\n		<tr>\r\n			<td>\r\n				<br />\r\n			</td>\r\n			<td>\r\n				<br />\r\n			</td>\r\n		</tr>\r\n		<tr>\r\n			<td>\r\n				<br />\r\n			</td>\r\n			<td>\r\n				<br />\r\n			</td>\r\n		</tr>\r\n		<tr>\r\n			<td>\r\n				<br />\r\n			</td>\r\n			<td>\r\n				<br />\r\n			</td>\r\n		</tr>\r\n	</tbody>\r\n</table>\r\n<br />\r\n</span>', 1, 0, 0, 1535470635, 1535794241, 'æ´’å¤§åœ°1111', 'æ´’é¥¿çš„111', 2),
(31, '<table style="width:100%;" cellspacing="0" cellpadding="2" bordercolor="#000000" border="1">\r\n	<tbody>\r\n		<tr>\r\n			<td>\r\n				<br />\r\n			</td>\r\n			<td>\r\n				<br />\r\n			</td>\r\n		</tr>\r\n		<tr>\r\n			<td>\r\n				<br />\r\n			</td>\r\n			<td>\r\n				<br />\r\n			</td>\r\n		</tr>\r\n		<tr>\r\n			<td>\r\n				<br />\r\n			</td>\r\n			<td>\r\n				<br />\r\n			</td>\r\n		</tr>\r\n	</tbody>\r\n</table>\r\n<br />', 1, 0, 0, 1535551419, 1535794419, 'å¹¸ç¦ v çš„111', 'æ”¶åˆ°å‘ç”Ÿçš„111', 3),
(32, '', 0, 0, 0, 1535552483, 1535552496, 'æ•°å­—åœ°æ–¹111', 'ååˆ†é¥¿å•Š', 4),
(33, '<h3>\r\n	æ ‡é¢˜\r\n</h3>\r\n<table style="width:100%;" cellspacing="0" cellpadding="2" border="1">\r\n	<tbody>\r\n		<tr>\r\n			<td>\r\n				<h3>\r\n					æ ‡é¢˜1\r\n				</h3>\r\n			</td>\r\n			<td>\r\n				<h3>\r\n					æ ‡é¢˜1\r\n				</h3>\r\n			</td>\r\n		</tr>\r\n		<tr>\r\n			<td>\r\n				å†…å®¹1\r\n			</td>\r\n			<td>\r\n				å†…å®¹2\r\n			</td>\r\n		</tr>\r\n		<tr>\r\n			<td>\r\n				å†…å®¹3\r\n			</td>\r\n			<td>\r\n				å†…å®¹4\r\n			</td>\r\n		</tr>\r\n	</tbody>\r\n</table>\r\n<p>\r\n	è¡¨æ ¼è¯´æ˜\r\n</p>', 1, 0, 0, 1535552513, 1535794589, 'çš„æ­£åœ¨å‘ç”Ÿçš„', 'ç”µé£æ‰‡', 4),
(34, '<table style="width:100%;" cellspacing="0" cellpadding="2" bordercolor="#000000" border="1">\r\n	<tbody>\r\n		<tr>\r\n			<td>\r\n				<br />\r\n			</td>\r\n			<td>\r\n				<br />\r\n			</td>\r\n		</tr>\r\n		<tr>\r\n			<td>\r\n				<br />\r\n			</td>\r\n			<td>\r\n				<br />\r\n			</td>\r\n		</tr>\r\n		<tr>\r\n			<td>\r\n				<br />\r\n			</td>\r\n			<td>\r\n				<br />\r\n			</td>\r\n		</tr>\r\n	</tbody>\r\n</table>\r\n<br />', 1, 0, 0, 1535794086, 0, 'www', 'ss', 1),
(35, '<table style="width:100%;" cellspacing="0" cellpadding="2" bordercolor="#000000" border="1">\r\n	<tbody>\r\n		<tr>\r\n			<td>\r\n				<br />\r\n			</td>\r\n			<td>\r\n				<br />\r\n			</td>\r\n		</tr>\r\n		<tr>\r\n			<td>\r\n				<br />\r\n			</td>\r\n			<td>\r\n				<br />\r\n			</td>\r\n		</tr>\r\n		<tr>\r\n			<td>\r\n				<br />\r\n			</td>\r\n			<td>\r\n				<br />\r\n			</td>\r\n		</tr>\r\n	</tbody>\r\n</table>\r\n<br />', 1, 0, 0, 1535794259, 0, 'www', 'www', 2),
(36, 'wwwwwww', 1, 0, 0, 1535794439, 0, 'www', 'wwwwww', 3),
(37, '', 1, 0, 0, 1535794606, 0, 'wwwwww', 'wwwwwww', 4),
(38, '', 0, 0, 0, 1535794608, 0, 'wwwwww', 'wwwwwww', 4),
(39, '111111111\r\n<table style="width:100%;" cellspacing="0" cellpadding="2" bordercolor="#000000" border="1">\r\n	<tbody>\r\n		<tr>\r\n			<td>\r\n				<br />\r\n			</td>\r\n			<td>\r\n				<br />\r\n			</td>\r\n		</tr>\r\n		<tr>\r\n			<td>\r\n				<br />\r\n			</td>\r\n			<td>\r\n				<br />\r\n			</td>\r\n		</tr>\r\n		<tr>\r\n			<td>\r\n				<br />\r\n			</td>\r\n			<td>\r\n				<br />\r\n			</td>\r\n		</tr>\r\n	</tbody>\r\n</table>\r\n<br />', 1, 0, 0, 1535794667, 1535794692, '1111', '11111111111', 4),
(40, 'fsfdszcscds', 1, 0, 0, 1535881001, 1535881013, 'sfsfczxcz', '', 1),
(41, '<em></em>xcxzzczcxz', 1, 0, 0, 1535881073, 1535881080, 'zczx1111', '', 2),
(42, 'cvxzcxvxzvzxc', 1, 0, 0, 1535881194, 1535881202, 'xcxzvxcvcxcxvzx', '', 3),
(43, 'scdscdscczCxZCx', 1, 0, 0, 1535881276, 1535881281, 'sxsczcZz', '', 4);

-- --------------------------------------------------------

--
-- è¡¨çš„ç»“æ„ `pp_api_detail`
--

CREATE TABLE IF NOT EXISTS `pp_api_detail` (
  `id` int(11) unsigned NOT NULL AUTO_INCREMENT,
  `source_id` int(11) NOT NULL DEFAULT '0' COMMENT 'ä¸»è¡¨ID',
  `method` tinyint(1) NOT NULL DEFAULT '1' COMMENT 'æ–¹æ³•åç§°ï¼š1-GET 2-POST 3-PUT 4-PATCH 5-DELETE',
  `api_name` varchar(100) NOT NULL DEFAULT '0' COMMENT 'æ¥å£åç§°',
  `api_url` varchar(100) NOT NULL DEFAULT '0' COMMENT 'æ¥å£åœ°å€',
  `detail` text COMMENT 'è¿”å›ç»“æœï¼Œæ­£ç¡®æˆ–é”™è¯¯',
  `audit_time` int(11) unsigned NOT NULL DEFAULT '0' COMMENT 'å®¡æ ¸æ—¶é—´',
  `audit_id` int(11) NOT NULL DEFAULT '0' COMMENT 'å®¡æ ¸äºº',
  `status` tinyint(1) unsigned NOT NULL DEFAULT '1' COMMENT 'çŠ¶æ€ï¼š0-æš‚åœä½¿ç”¨ï¼Œ1-æ­£åœ¨å¼€å‘ï¼Œ2-æ­£åœ¨å®¡æ ¸ï¼Œ3-æ­£å¸¸ï¼Œ4-æœªé€šè¿‡',
  `create_id` int(11) NOT NULL DEFAULT '0' COMMENT 'åˆ›å»ºè€…ID',
  `update_id` int(11) NOT NULL DEFAULT '0' COMMENT 'ä¿®æ”¹è€…ID',
  `create_time` int(11) NOT NULL DEFAULT '0' COMMENT 'åˆ›å»ºæ—¶é—´',
  `update_time` int(11) NOT NULL DEFAULT '0' COMMENT 'åˆ›å»ºæ—¶é—´',
  PRIMARY KEY (`id`),
  KEY `idx_main_id` (`source_id`)
) ENGINE=InnoDB  DEFAULT CHARSET=utf8mb4 COMMENT='APIé™„è¡¨' AUTO_INCREMENT=12 ;

--
-- è½¬å­˜è¡¨ä¸­çš„æ•°æ® `pp_api_detail`
--

INSERT INTO `pp_api_detail` (`id`, `source_id`, `method`, `api_name`, `api_url`, `detail`, `audit_time`, `audit_id`, `status`, `create_id`, `update_id`, `create_time`, `update_time`) VALUES
(1, 1, 1, 'è·å–å•ä¸ªskuåº“å­˜', '/v0/stock', '#### ç®€è¦æè¿°ï¼š\n\n- ç”¨æˆ·åº“å­˜æ¥å£\n#### è¯·æ±‚å¤´ï¼š\n\n|å‚æ•°å|æ˜¯å¦å¿…é¡»|ç±»å‹|è¯´æ˜|\n|:----    |:---|:----- |-----   |\n|Content-Type |æ˜¯  |string |è¯·æ±‚ç±»å‹ï¼š application/json   |\n|Content-MD5 |æ˜¯  |string | è¯·æ±‚å†…å®¹ç­¾å    |\n\n\n#### è¯·æ±‚å‚æ•°:\n\n|å‚æ•°å|æ˜¯å¦å¿…é¡»|ç±»å‹|è¯´æ˜|ç¤ºä¾‹å€¼\n|:----    |:---|:----- |-----   |-----   |\n|username |æ˜¯  |string |ç”¨æˆ·å   | george518\n|password |æ˜¯  |string | å¯†ç     | george518\n\n#### è¿”å›å‚æ•°:\n\n|å‚æ•°å|ç±»å‹|è¯´æ˜|\n|:-----  |:-----|-----                           |\n|group_level |int   |ç”¨æˆ·ç»„idï¼Œ1ï¼šè¶…çº§ç®¡ç†å‘˜ï¼›2ï¼šæ™®é€šç”¨æˆ·  |\n\n#### è¿”å›ç¤ºä¾‹:\n\n**æ­£ç¡®æ—¶è¿”å›:**\n\n```\n{\n"status": 200,\n"message": "Success",\n"data": {\n    "uid": "1",\n    "account": "admin",\n    "nickname": "Minho",\n    "group_level": 0 ,\n    "create_time": "1436864169",\n    "last_login_time": "0",\n}\n}\n```\n\n**é”™è¯¯æ—¶è¿”å›:**\n\n\n```\n{\n"status": 300,\n"message": "invalid username"\n"data":{\n    \n}\n}\n```\n\n#### è°ƒç”¨ç¤ºä¾‹:\n\n```\n\n<?php\n    echo "Hello world";\n```\n#### å¤‡æ³¨:\n\n- æ›´å¤šè¿”å›é”™è¯¯ä»£ç è¯·çœ‹é¦–é¡µçš„é”™è¯¯ä»£ç æè¿°\n\n#### æ¥å£ç‰ˆæœ¬ï¼š\n\n|ç‰ˆæœ¬å·|åˆ¶å®šäºº|åˆ¶å®šæ—¥æœŸ|ä¿®è®¢æ—¥æœŸ|\n|:----    |:---|:----- |-----   |\n|2.1.0 |éƒå¤§å…¨  |2018-01-15 |  2018-01-15 |', 0, 1, 3, 1, 1, 1507617867, 1516284409),
(2, 1, 3, 'æ›´æ–°åº“å­˜æ¥å£', '/v0/stock/:id', '#### æ›´æ–°åº“å­˜ç®€è¦æè¿°ï¼š\n\n- æ›´æ–°åº“å­˜æ¥å£\n#### è¯·æ±‚å¤´ï¼š\n\n|å‚æ•°å|æ˜¯å¦å¿…é¡»|ç±»å‹|è¯´æ˜|\n|:----    |:---|:----- |-----   |\n|Content-Type |æ˜¯  |string |è¯·æ±‚ç±»å‹ï¼š application/json   |\n|Content-MD5 |æ˜¯  |string | è¯·æ±‚å†…å®¹ç­¾å    |\n\n\n#### è¯·æ±‚å‚æ•°:\n\n|å‚æ•°å|æ˜¯å¦å¿…é¡»|ç±»å‹|è¯´æ˜|ç¤ºä¾‹å€¼\n|:----    |:---|:----- |-----   |-----   |\n|username |æ˜¯  |string |ç”¨æˆ·å   | george518\n|password |æ˜¯  |string | å¯†ç     | george518\n\n#### è¿”å›å‚æ•°:\n\n|å‚æ•°å|ç±»å‹|è¯´æ˜|\n|:-----  |:-----|-----                           |\n|group_level |int   |ç”¨æˆ·ç»„idï¼Œ1ï¼šè¶…çº§ç®¡ç†å‘˜ï¼›2ï¼šæ™®é€šç”¨æˆ·  |\n\n#### è¿”å›ç¤ºä¾‹:\n\n**æ­£ç¡®æ—¶è¿”å›:**\n\n```\n{\n"status": 200,\n"message": "Success",\n"data": {\n    "uid": "1",\n    "account": "admin",\n    "nickname": "Minho",\n    "group_level": 0 ,\n    "create_time": "1436864169",\n    "last_login_time": "0",\n}\n}\n```\n\n**é”™è¯¯æ—¶è¿”å›:**\n\n\n```\n{\n"status": 300,\n"message": "invalid username"\n"data":{\n    \n}\n}\n```\n\n#### è°ƒç”¨ç¤ºä¾‹:\n\n```\n\n<?php\n    echo "Hello world";\n```\n#### å¤‡æ³¨:\n\n- æ›´å¤šè¿”å›é”™è¯¯ä»£ç è¯·çœ‹é¦–é¡µçš„é”™è¯¯ä»£ç æè¿°\n\n#### æ¥å£ç‰ˆæœ¬ï¼š\n\n|ç‰ˆæœ¬å·|åˆ¶å®šäºº|åˆ¶å®šæ—¥æœŸ|ä¿®è®¢æ—¥æœŸ|\n|:----    |:---|:----- |-----   |\n|2.1.0 |éƒå¤§å…¨  |2018-01-15 |  2018-01-15 |', 0, 1, 3, 1, 1, 1507619939, 1516284492),
(3, 2, 1, 'è·å–è®¢å•åˆ—è¡¨æ¥å£', '/v0/order', '#### è·å–è®¢å•åˆ—è¡¨æ¥å£\n\n- ç”¨æˆ·ç™»å½•æ¥å£\n#### è¯·æ±‚å¤´ï¼š\n\n|å‚æ•°å|æ˜¯å¦å¿…é¡»|ç±»å‹|è¯´æ˜|\n|:----    |:---|:----- |-----   |\n|Content-Type |æ˜¯  |string |è¯·æ±‚ç±»å‹ï¼š application/json   |\n|Content-MD5 |æ˜¯  |string | è¯·æ±‚å†…å®¹ç­¾å    |\n\n\n#### è¯·æ±‚å‚æ•°:\n\n|å‚æ•°å|æ˜¯å¦å¿…é¡»|ç±»å‹|è¯´æ˜|ç¤ºä¾‹å€¼\n|:----    |:---|:----- |-----   |-----   |\n|username |æ˜¯  |string |ç”¨æˆ·å   | george518\n|password |æ˜¯  |string | å¯†ç     | george518\n\n#### è¿”å›å‚æ•°:\n\n|å‚æ•°å|ç±»å‹|è¯´æ˜|\n|:-----  |:-----|-----                           |\n|group_level |int   |ç”¨æˆ·ç»„idï¼Œ1ï¼šè¶…çº§ç®¡ç†å‘˜ï¼›2ï¼šæ™®é€šç”¨æˆ·  |\n\n#### è¿”å›ç¤ºä¾‹:\n\n**æ­£ç¡®æ—¶è¿”å›:**\n\n```\n{\n"status": 200,\n"message": "Success",\n"data": {\n    "uid": "1",\n    "account": "admin",\n    "nickname": "Minho",\n    "group_level": 0 ,\n    "create_time": "1436864169",\n    "last_login_time": "0",\n}\n}\n```\n\n**é”™è¯¯æ—¶è¿”å›:**\n\n\n```\n{\n"status": 300,\n"message": "invalid username"\n"data":{\n    \n}\n}\n```\n\n#### è°ƒç”¨ç¤ºä¾‹:\n\n```\n\n<?php\n    echo "Hello world";\n```\n#### å¤‡æ³¨:\n\n- æ›´å¤šè¿”å›é”™è¯¯ä»£ç è¯·çœ‹é¦–é¡µçš„é”™è¯¯ä»£ç æè¿°\n\n#### æ¥å£ç‰ˆæœ¬ï¼š\n\n|ç‰ˆæœ¬å·|åˆ¶å®šäºº|åˆ¶å®šæ—¥æœŸ|ä¿®è®¢æ—¥æœŸ|\n|:----    |:---|:----- |-----   |\n|2.1.0 |éƒå¤§å…¨  |2018-01-15 |  2018-01-15 |', 0, 0, 3, 1, 1, 1507699351, 1516286722),
(4, 3, 2, 'æ–°å¢å•†å“æ¥å£', '/v0/product', '#### æ–°å¢å•†å“æ¥å£\n\n- æ–°å¢å•†å“æ¥å£æ¥å£\n#### è¯·æ±‚å¤´ï¼š\n\n|å‚æ•°å|æ˜¯å¦å¿…é¡»|ç±»å‹|è¯´æ˜|\n|:----    |:---|:----- |-----   |\n|Content-Type |æ˜¯  |string |è¯·æ±‚ç±»å‹ï¼š application/json   |\n|Content-MD5 |æ˜¯  |string | è¯·æ±‚å†…å®¹ç­¾å    |\n\n\n#### è¯·æ±‚å‚æ•°:\n\n|å‚æ•°å|æ˜¯å¦å¿…é¡»|ç±»å‹|è¯´æ˜|ç¤ºä¾‹å€¼\n|:----    |:---|:----- |-----   |-----   |\n|username |æ˜¯  |string |ç”¨æˆ·å   | george518\n|password |æ˜¯  |string | å¯†ç     | george518\n\n#### è¿”å›å‚æ•°:\n\n|å‚æ•°å|ç±»å‹|è¯´æ˜|\n|:-----  |:-----|-----                           |\n|group_level |int   |ç”¨æˆ·ç»„idï¼Œ1ï¼šè¶…çº§ç®¡ç†å‘˜ï¼›2ï¼šæ™®é€šç”¨æˆ·  |\n\n#### è¿”å›ç¤ºä¾‹:\n\n**æ­£ç¡®æ—¶è¿”å›:**\n\n```\n{\n"status": 200,\n"message": "Success",\n"data": {\n    "uid": "1",\n    "account": "admin",\n    "nickname": "Minho",\n    "group_level": 0 ,\n    "create_time": "1436864169",\n    "last_login_time": "0",\n}\n}\n```\n\n**é”™è¯¯æ—¶è¿”å›:**\n\n\n```\n{\n"status": 300,\n"message": "invalid username"\n"data":{\n    \n}\n}\n```\n\n#### è°ƒç”¨ç¤ºä¾‹:\n\n```\n\n<?php\n    echo "Hello world";\n```\n#### å¤‡æ³¨:\n\n- æ›´å¤šè¿”å›é”™è¯¯ä»£ç è¯·çœ‹é¦–é¡µçš„é”™è¯¯ä»£ç æè¿°\n\n#### æ¥å£ç‰ˆæœ¬ï¼š\n\n|ç‰ˆæœ¬å·|åˆ¶å®šäºº|åˆ¶å®šæ—¥æœŸ|ä¿®è®¢æ—¥æœŸ|\n|:----    |:---|:----- |-----   |\n|2.1.0 |éƒå¤§å…¨  |2018-01-15 |  2018-01-15 |', 0, 0, 3, 1, 1, 1515762214, 1516286707),
(5, 4, 1, 'è·å–äº¤æ˜“æ€»é¢', '/v0/trade', '#### è·å–äº¤æ˜“æ€»é¢\n\n- ç”¨æˆ·ç™»å½•æ¥å£\n#### è¯·æ±‚å¤´ï¼š\n\n|å‚æ•°å|æ˜¯å¦å¿…é¡»|ç±»å‹|è¯´æ˜|\n|:----    |:---|:----- |-----   |\n|Content-Type |æ˜¯  |string |è¯·æ±‚ç±»å‹ï¼š application/json   |\n|Content-MD5 |æ˜¯  |string | è¯·æ±‚å†…å®¹ç­¾å    |\n\n\n#### è¯·æ±‚å‚æ•°:\n\n|å‚æ•°å|æ˜¯å¦å¿…é¡»|ç±»å‹|è¯´æ˜|ç¤ºä¾‹å€¼\n|:----    |:---|:----- |-----   |-----   |\n|username |æ˜¯  |string |ç”¨æˆ·å   | george518\n|password |æ˜¯  |string | å¯†ç     | george518\n\n#### è¿”å›å‚æ•°:\n\n|å‚æ•°å|ç±»å‹|è¯´æ˜|\n|:-----  |:-----|-----                           |\n|group_level |int   |ç”¨æˆ·ç»„idï¼Œ1ï¼šè¶…çº§ç®¡ç†å‘˜ï¼›2ï¼šæ™®é€šç”¨æˆ·  |\n\n#### è¿”å›ç¤ºä¾‹:\n\n**æ­£ç¡®æ—¶è¿”å›:**\n\n```\n{\n"status": 200,\n"message": "Success",\n"data": {\n    "uid": "1",\n    "account": "admin",\n    "nickname": "Minho",\n    "group_level": 0 ,\n    "create_time": "1436864169",\n    "last_login_time": "0",\n}\n}\n```\n\n**é”™è¯¯æ—¶è¿”å›:**\n\n\n```\n{\n"status": 300,\n"message": "invalid username"\n"data":{\n    \n}\n}\n```\n\n#### è°ƒç”¨ç¤ºä¾‹:\n\n```\n\n<?php\n    echo "Hello world";\n```\n#### å¤‡æ³¨:\n\n- æ›´å¤šè¿”å›é”™è¯¯ä»£ç è¯·çœ‹é¦–é¡µçš„é”™è¯¯ä»£ç æè¿°\n\n#### æ¥å£ç‰ˆæœ¬ï¼š\n\n|ç‰ˆæœ¬å·|åˆ¶å®šäºº|åˆ¶å®šæ—¥æœŸ|ä¿®è®¢æ—¥æœŸ|\n|:----    |:---|:----- |-----   |\n|2.1.0 |éƒå¤§å…¨  |2018-01-15 |  2018-01-15 |', 0, 0, 3, 1, 1, 1515763734, 1516286689),
(6, 5, 5, 'åˆ é™¤è¯„ä»·æ¥å£', '/v0/evaluate/:id', '#### åˆ é™¤è¯„ä»·æ¥å£ï¼š\n\n- ç”¨æˆ·ç™»å½•æ¥å£\n#### è¯·æ±‚å¤´ï¼š\n\n|å‚æ•°å|æ˜¯å¦å¿…é¡»|ç±»å‹|è¯´æ˜|\n|:----    |:---|:----- |-----   |\n|Content-Type |æ˜¯  |string |è¯·æ±‚ç±»å‹ï¼š application/json   |\n|Content-MD5 |æ˜¯  |string | è¯·æ±‚å†…å®¹ç­¾å    |\n\n\n#### è¯·æ±‚å‚æ•°:\n\n|å‚æ•°å|æ˜¯å¦å¿…é¡»|ç±»å‹|è¯´æ˜|ç¤ºä¾‹å€¼\n|:----    |:---|:----- |-----   |-----   |\n|username |æ˜¯  |string |ç”¨æˆ·å   | george518\n|password |æ˜¯  |string | å¯†ç     | george518\n\n#### è¿”å›å‚æ•°:\n\n|å‚æ•°å|ç±»å‹|è¯´æ˜|\n|:-----  |:-----|-----                           |\n|group_level |int   |ç”¨æˆ·ç»„idï¼Œ1ï¼šè¶…çº§ç®¡ç†å‘˜ï¼›2ï¼šæ™®é€šç”¨æˆ·  |\n\n#### è¿”å›ç¤ºä¾‹:\n\n**æ­£ç¡®æ—¶è¿”å›:**\n\n```\n{\n"status": 200,\n"message": "Success",\n"data": {\n    "uid": "1",\n    "account": "admin",\n    "nickname": "Minho",\n    "group_level": 0 ,\n    "create_time": "1436864169",\n    "last_login_time": "0",\n}\n}\n```\n\n**é”™è¯¯æ—¶è¿”å›:**\n\n\n```\n{\n"status": 300,\n"message": "invalid username"\n"data":{\n    \n}\n}\n```\n\n#### è°ƒç”¨ç¤ºä¾‹:\n\n```\n\n<?php\n    echo "Hello world";\n```\n#### å¤‡æ³¨:\n\n- æ›´å¤šè¿”å›é”™è¯¯ä»£ç è¯·çœ‹é¦–é¡µçš„é”™è¯¯ä»£ç æè¿°\n\n#### æ¥å£ç‰ˆæœ¬ï¼š\n\n|ç‰ˆæœ¬å·|åˆ¶å®šäºº|åˆ¶å®šæ—¥æœŸ|ä¿®è®¢æ—¥æœŸ|\n|:----    |:---|:----- |-----   |\n|2.1.0 |éƒå¤§å…¨  |2018-01-15 |  2018-01-15 |', 0, 0, 3, 1, 1, 1515763795, 1516286674),
(7, 6, 1, 'è·å–ç‰©æµè¯¦æƒ…', '/v0/delivery', '#### è·å–ç‰©æµè¯¦æƒ…\n\n- ç”¨æˆ·ç™»å½•æ¥å£\n#### è¯·æ±‚å¤´ï¼š\n\n|å‚æ•°å|æ˜¯å¦å¿…é¡»|ç±»å‹|è¯´æ˜|\n|:----    |:---|:----- |-----   |\n|Content-Type |æ˜¯  |string |è¯·æ±‚ç±»å‹ï¼š application/json   |\n|Content-MD5 |æ˜¯  |string | è¯·æ±‚å†…å®¹ç­¾å    |\n\n\n#### è¯·æ±‚å‚æ•°:\n\n|å‚æ•°å|æ˜¯å¦å¿…é¡»|ç±»å‹|è¯´æ˜|ç¤ºä¾‹å€¼\n|:----    |:---|:----- |-----   |-----   |\n|username |æ˜¯  |string |ç”¨æˆ·å   | george518\n|password |æ˜¯  |string | å¯†ç     | george518\n\n#### è¿”å›å‚æ•°:\n\n|å‚æ•°å|ç±»å‹|è¯´æ˜|\n|:-----  |:-----|-----                           |\n|group_level |int   |ç”¨æˆ·ç»„idï¼Œ1ï¼šè¶…çº§ç®¡ç†å‘˜ï¼›2ï¼šæ™®é€šç”¨æˆ·  |\n\n#### è¿”å›ç¤ºä¾‹:\n\n**æ­£ç¡®æ—¶è¿”å›:**\n\n```\n{\n"status": 200,\n"message": "Success",\n"data": {\n    "uid": "1",\n    "account": "admin",\n    "nickname": "Minho",\n    "group_level": 0 ,\n    "create_time": "1436864169",\n    "last_login_time": "0",\n}\n}\n```\n\n**é”™è¯¯æ—¶è¿”å›:**\n\n\n```\n{\n"status": 300,\n"message": "invalid username"\n"data":{\n    \n}\n}\n```\n\n#### è°ƒç”¨ç¤ºä¾‹:\n\n```\n\n<?php\n    echo "Hello world";\n```\n#### å¤‡æ³¨:\n\n- æ›´å¤šè¿”å›é”™è¯¯ä»£ç è¯·çœ‹é¦–é¡µçš„é”™è¯¯ä»£ç æè¿°\n\n#### æ¥å£ç‰ˆæœ¬ï¼š\n\n|ç‰ˆæœ¬å·|åˆ¶å®šäºº|åˆ¶å®šæ—¥æœŸ|ä¿®è®¢æ—¥æœŸ|\n|:----    |:---|:----- |-----   |\n|2.1.0 |éƒå¤§å…¨  |2018-01-15 |  2018-01-15 |', 0, 0, 3, 1, 1, 1515763945, 1516286639),
(8, 6, 3, 'æ›´æ–°ç‰©æµä¿¡æ¯', '/v0/delivery', '#### æ›´æ–°ç‰©æµä¿¡æ¯ï¼š\n\n- ç”¨æˆ·ç™»å½•æ¥å£\n#### è¯·æ±‚å¤´ï¼š\n\n|å‚æ•°å|æ˜¯å¦å¿…é¡»|ç±»å‹|è¯´æ˜|\n|:----    |:---|:----- |-----   |\n|Content-Type |æ˜¯  |string |è¯·æ±‚ç±»å‹ï¼š application/json   |\n|Content-MD5 |æ˜¯  |string | è¯·æ±‚å†…å®¹ç­¾å    |\n\n\n#### è¯·æ±‚å‚æ•°:\n\n|å‚æ•°å|æ˜¯å¦å¿…é¡»|ç±»å‹|è¯´æ˜|ç¤ºä¾‹å€¼\n|:----    |:---|:----- |-----   |-----   |\n|username |æ˜¯  |string |ç”¨æˆ·å   | george518\n|password |æ˜¯  |string | å¯†ç     | george518\n\n#### è¿”å›å‚æ•°:\n\n|å‚æ•°å|ç±»å‹|è¯´æ˜|\n|:-----  |:-----|-----                           |\n|group_level |int   |ç”¨æˆ·ç»„idï¼Œ1ï¼šè¶…çº§ç®¡ç†å‘˜ï¼›2ï¼šæ™®é€šç”¨æˆ·  |\n\n#### è¿”å›ç¤ºä¾‹:\n\n**æ­£ç¡®æ—¶è¿”å›:**\n\n```\n{\n"status": 200,\n"message": "Success",\n"data": {\n    "uid": "1",\n    "account": "admin",\n    "nickname": "Minho",\n    "group_level": 0 ,\n    "create_time": "1436864169",\n    "last_login_time": "0",\n}\n}\n```\n\n**é”™è¯¯æ—¶è¿”å›:**\n\n\n```\n{\n"status": 300,\n"message": "invalid username"\n"data":{\n    \n}\n}\n```\n\n#### è°ƒç”¨ç¤ºä¾‹:\n\n```\n\n<?php\n    echo "Hello world";\n```\n#### å¤‡æ³¨:\n\n- æ›´å¤šè¿”å›é”™è¯¯ä»£ç è¯·çœ‹é¦–é¡µçš„é”™è¯¯ä»£ç æè¿°\n\n#### æ¥å£ç‰ˆæœ¬ï¼š\n\n|ç‰ˆæœ¬å·|åˆ¶å®šäºº|åˆ¶å®šæ—¥æœŸ|ä¿®è®¢æ—¥æœŸ|\n|:----    |:---|:----- |-----   |\n|2.1.0 |éƒå¤§å…¨  |2018-01-15 |  2018-01-15 |', 0, 0, 3, 1, 1, 1515764025, 1516286625),
(9, 3, 1, 'è·å–å•†å“åˆ—è¡¨', '/product', '#### ç®€è¦æè¿°ï¼š\n\n                    - ç”¨æˆ·ç™»å½•æ¥å£\n\n                    #### æ¥å£ç‰ˆæœ¬ï¼š\n\n                    |ç‰ˆæœ¬å·|åˆ¶å®šäºº|åˆ¶å®šæ—¥æœŸ|ä¿®è®¢æ—¥æœŸ|\n                    |:----    |:---|:----- |-----   |\n                    |2.1.0 |ç§¦äº®  |2017-03-20 |  xxxx-xx-xx |\n\n                    #### è¯·æ±‚URL:\n\n                    - http://xx.com/api/login\n\n                    #### è¯·æ±‚æ–¹å¼ï¼š\n\n                    - GET\n                    - POST\n\n                    #### è¯·æ±‚å¤´ï¼š\n\n                    |å‚æ•°å|æ˜¯å¦å¿…é¡»|ç±»å‹|è¯´æ˜|\n                    |:----    |:---|:----- |-----   |\n                    |Content-Type |æ˜¯  |string |è¯·æ±‚ç±»å‹ï¼š application/json   |\n                    |Content-MD5 |æ˜¯  |string | è¯·æ±‚å†…å®¹ç­¾å    |\n\n\n                    #### è¯·æ±‚å‚æ•°:\n\n                    |å‚æ•°å|æ˜¯å¦å¿…é¡»|ç±»å‹|è¯´æ˜|\n                    |:----    |:---|:----- |-----   |\n                    |username |æ˜¯  |string |ç”¨æˆ·å   |\n                    |password |æ˜¯  |string | å¯†ç     |\n\n                    #### è¿”å›ç¤ºä¾‹:\n\n                    **æ­£ç¡®æ—¶è¿”å›:**\n\n                    ```\n                    {\n                        "errcode": 0,\n                        "data": {\n                            "uid": "1",\n                            "account": "admin",\n                            "nickname": "Minho",\n                            "group_level": 0 ,\n                            "create_time": "1436864169",\n                            "last_login_time": "0",\n                        }\n                    }\n                    ```\n\n                    **é”™è¯¯æ—¶è¿”å›:**\n\n\n                    ```\n                    {\n                        "errcode": 500,\n                        "errmsg": "invalid appid"\n                    }\n                    ```\n\n                    #### è¿”å›å‚æ•°è¯´æ˜:\n\n                    |å‚æ•°å|ç±»å‹|è¯´æ˜|\n                    |:-----  |:-----|-----                           |\n                    |group_level |int   |ç”¨æˆ·ç»„idï¼Œ1ï¼šè¶…çº§ç®¡ç†å‘˜ï¼›2ï¼šæ™®é€šç”¨æˆ·  |\n\n                    #### å¤‡æ³¨:\n\n                    - æ›´å¤šè¿”å›é”™è¯¯ä»£ç è¯·çœ‹é¦–é¡µçš„é”™è¯¯ä»£ç æè¿°', 0, 0, 4, 1, 1, 1515937531, 1516286613),
(10, 3, 5, 'åˆ é™¤å•†å“æ¥å£', '/v0/product', '#### åˆ é™¤å•†å“æ¥å£ï¼š\n\n- ç”¨æˆ·ç™»å½•æ¥å£\n#### è¯·æ±‚å¤´ï¼š\n\n|å‚æ•°å|æ˜¯å¦å¿…é¡»|ç±»å‹|è¯´æ˜|\n|:----    |:---|:----- |-----   |\n|Content-Type |æ˜¯  |string |è¯·æ±‚ç±»å‹ï¼š application/json   |\n|Content-MD5 |æ˜¯  |string | è¯·æ±‚å†…å®¹ç­¾å    |\n\n\n#### è¯·æ±‚å‚æ•°:\n\n|å‚æ•°å|æ˜¯å¦å¿…é¡»|ç±»å‹|è¯´æ˜|ç¤ºä¾‹å€¼\n|:----    |:---|:----- |-----   |-----   |\n|username |æ˜¯  |string |ç”¨æˆ·å   | george518\n|password |æ˜¯  |string | å¯†ç     | george518\n\n#### è¿”å›å‚æ•°:\n\n|å‚æ•°å|ç±»å‹|è¯´æ˜|\n|:-----  |:-----|-----                           |\n|group_level |int   |ç”¨æˆ·ç»„idï¼Œ1ï¼šè¶…çº§ç®¡ç†å‘˜ï¼›2ï¼šæ™®é€šç”¨æˆ·  |\n\n#### è¿”å›ç¤ºä¾‹:\n\n**æ­£ç¡®æ—¶è¿”å›:**\n\n```\n{\n"status": 200,\n"message": "Success",\n"data": {\n    "uid": "1",\n    "account": "admin",\n    "nickname": "Minho",\n    "group_level": 0 ,\n    "create_time": "1436864169",\n    "last_login_time": "0",\n}\n}\n```\n\n**é”™è¯¯æ—¶è¿”å›:**\n\n\n```\n{\n"status": 300,\n"message": "invalid username"\n"data":{\n    \n}\n}\n```\n\n#### è°ƒç”¨ç¤ºä¾‹:\n\n```\n\n<?php\n    echo "Hello world";\n```\n#### å¤‡æ³¨:\n\n- æ›´å¤šè¿”å›é”™è¯¯ä»£ç è¯·çœ‹é¦–é¡µçš„é”™è¯¯ä»£ç æè¿°\n\n#### æ¥å£ç‰ˆæœ¬ï¼š\n\n|ç‰ˆæœ¬å·|åˆ¶å®šäºº|åˆ¶å®šæ—¥æœŸ|ä¿®è®¢æ—¥æœŸ|\n|:----    |:---|:----- |-----   |\n|2.1.0 |éƒå¤§å…¨  |2018-01-15 |  2018-01-15 |', 0, 0, 3, 1, 1, 1515981318, 1516286600),
(11, 4, 4, 'ä¿®æ”¹äº¤æ˜“çŠ¶æ€', '/v0/delivery', '#### ä¿®æ”¹äº¤æ˜“çŠ¶æ€\n\n- ç”¨æˆ·ç™»å½•æ¥å£\n\n\n#### è¯·æ±‚å‚æ•°:\n\n|å‚æ•°å|æ˜¯å¦å¿…é¡»|ç±»å‹|è¯´æ˜|ç¤ºä¾‹å€¼\n|:----    |:---|:----- |-----   |-----   |\n|username |æ˜¯  |string |ç”¨æˆ·å   | george518\n|password |æ˜¯  |string | å¯†ç     | george518\n\n#### è¿”å›å‚æ•°:\n\n|å‚æ•°å|ç±»å‹|è¯´æ˜|\n|:-----  |:-----|-----                           |\n|group_level |int   |ç”¨æˆ·ç»„idï¼Œ1ï¼šè¶…çº§ç®¡ç†å‘˜ï¼›2ï¼šæ™®é€šç”¨æˆ·  |\n\n#### è¿”å›ç¤ºä¾‹:\n\n**æ­£ç¡®æ—¶è¿”å›:**\n\n```\n{\n"status": 200,\n"message": "Success",\n"data": {\n    "uid": "1",\n    "account": "admin",\n    "nickname": "Minho",\n    "group_level": 0 ,\n    "create_time": "1436864169",\n    "last_login_time": "0",\n}\n}\n```\n\n**é”™è¯¯æ—¶è¿”å›:**\n\n\n```\n{\n"status": 300,\n"message": "invalid username"\n"data":{\n    \n}\n}\n```\n\n#### è°ƒç”¨ç¤ºä¾‹:\n\n```\n\n<?php\n    echo "Hello world";\n```\n#### å¤‡æ³¨:\n\n- æ›´å¤šè¿”å›é”™è¯¯ä»£ç è¯·çœ‹é¦–é¡µçš„é”™è¯¯ä»£ç æè¿°\n\n#### æ¥å£ç‰ˆæœ¬ï¼š\n\n|ç‰ˆæœ¬å·|åˆ¶å®šäºº|åˆ¶å®šæ—¥æœŸ|ä¿®è®¢æ—¥æœŸ|\n|:----    |:---|:----- |-----   |\n|2.1.0 |éƒå¤§å…¨  |2018-01-15 |  2018-01-15 |', 0, 0, 3, 1, 1, 1516003820, 1516377141);

-- --------------------------------------------------------

--
-- è¡¨çš„ç»“æ„ `pp_api_public`
--

CREATE TABLE IF NOT EXISTS `pp_api_public` (
  `id` int(11) unsigned NOT NULL AUTO_INCREMENT,
  `api_public_name` varchar(100) NOT NULL DEFAULT '0' COMMENT 'å…¬å…±æ–‡æ¡£åç§°',
  `sort` int(11) unsigned NOT NULL DEFAULT '99' COMMENT 'æ’åºï¼Œè¶Šå°è¶Šå¾€å‰',
  `detail` text NOT NULL COMMENT 'è¯¦æƒ…',
  `status` tinyint(1) unsigned NOT NULL DEFAULT '1' COMMENT 'çŠ¶æ€ï¼Œ1-æ­£å¸¸ï¼Œ0-åˆ é™¤',
  `create_id` int(11) unsigned NOT NULL DEFAULT '0' COMMENT 'åˆ›å»ºè€…ID',
  `update_id` int(11) unsigned NOT NULL DEFAULT '0' COMMENT 'ä¿®æ”¹è€…ID',
  `create_time` int(11) unsigned NOT NULL DEFAULT '0' COMMENT 'åˆ›å»ºæ—¶é—´',
  `update_time` int(11) unsigned NOT NULL DEFAULT '0' COMMENT 'åˆ›å»ºæ—¶é—´',
  PRIMARY KEY (`id`),
  KEY `idx_main_id` (`api_public_name`)
) ENGINE=InnoDB  DEFAULT CHARSET=utf8mb4 COMMENT='APIå‚æ•°è¡¨' AUTO_INCREMENT=4 ;

--
-- è½¬å­˜è¡¨ä¸­çš„æ•°æ® `pp_api_public`
--

INSERT INTO `pp_api_public` (`id`, `api_public_name`, `sort`, `detail`, `status`, `create_id`, `update_id`, `create_time`, `update_time`) VALUES
(1, 'å¹³å°æ¥å£ç®€ä»‹', 1, '#### å¹³å°æ¥å£ç®€ä»‹\n\n- è¿™æ˜¯ä¸€ä¸ªæµ‹è¯•æ¥å£å¹³å°\n\n#### é˜…è¯»å¯¹è±¡\n - ç»™å¼€å‘äººå‘˜çš„çœ‹çš„', 1, 1, 1, 1516071841, 1516282117),
(2, 'æ¥å…¥é¡»çŸ¥', 2, '#### key å’Œsecretè·å–ï¼š\n\n- ç›´æ¥è”ç³»å•†åŠ¡äººå‘˜ç´¢å–\n\n#### å…¬å…±å‚æ•°\n|å‚æ•°å|è¯´æ˜|\n|:-------   |:-----   |\n|time |æ¥å£è°ƒç”¨æ—¶çš„æ—¶é—´æˆ³ï¼Œå³å½“å‰æ—¶é—´æˆ³ï¼ˆæ—¶é—´æˆ³ï¼šå½“å‰è·ç¦»Epochï¼ˆ1970å¹´1æœˆ1æ—¥) ä»¥ç§’è®¡ç®—çš„æ—¶é—´ï¼Œå³unix-timestampï¼Œè¯·ä½¿ç”¨ç²¾ç¡®åˆ°ç§’çš„æ—¶é—´æˆ³ã€‚|\n|app-key|ä¸Šæ–‡è·å–çš„ä¸‰æ–¹å•†å®¶ç³»ç»Ÿçš„å”¯ä¸€æ ‡ç¤º|\n|sign|è¾“å…¥å‚æ•°çš„ç­¾åç»“æœï¼Œç­¾åæ–¹æ³•è§ä¸‹èŠ‚|\n\n#### è¿”å›æ ¼å¼\n```\n{\n	success:true/false,\n	data:\n	error_code:\n	error_msg:\n}\n```', 1, 1, 1, 1516080573, 1516283006),
(3, 'å›è°ƒè¯´æ˜', 3, '#### åŠ å¯†ç®—æ³•\n\n- ä½¿ç”¨ç”¨æˆ·é…ç½®çš„URLåœ°å€æ›¿æ¢urlè·¯å¾„ï¼Œç„¶åé‡‡ç”¨signç­¾åè®¡ç®—å°èŠ‚çš„æ–¹æ³•ï¼Œå³å¯å¾—åˆ°æ­£ç¡®çš„ç­¾åç»“æœ\n\n#### è¿”å›ç»“æœ\n\n|å‚æ•°å|ç±»å‹|å–å€¼è¯´æ˜|\n|:----   |:-----  |: -----    |\n|success |Boolean |æ¥å£æ‰§è¡Œç»“æœ;ä¸ºtrueè¡¨ç¤ºæ‰§è¡ŒæˆåŠŸ; ä¸ºfalseè¡¨ç¤ºæ‰§è¡Œå¤±è´¥  |\n|error_msg |String |é”™è¯¯ä¿¡æ¯æè¿°|\n|error_code|String|é”™è¯¯ç ï¼Œå¦‚æœ‰å…·ä½“æ¶‰åŠé”™è¯¯ç è¯·ä¸¥æ ¼æŒ‰ç…§ç»™åˆ°çš„é”™è¯¯ç |\n|data|String|è¿”å›ç»“æœ|', 1, 1, 1, 1516282746, 1516282746);

-- --------------------------------------------------------

--
-- è¡¨çš„ç»“æ„ `pp_api_source`
--

CREATE TABLE IF NOT EXISTS `pp_api_source` (
  `id` int(11) unsigned NOT NULL AUTO_INCREMENT,
  `group_id` int(11) NOT NULL DEFAULT '0' COMMENT 'åˆ†ç»„ID',
  `source_name` varchar(50) NOT NULL DEFAULT '0' COMMENT 'æ¥å£åç§°',
  `status` tinyint(1) unsigned NOT NULL DEFAULT '1' COMMENT 'çŠ¶æ€ï¼š1-æ­£å¸¸ï¼Œ0-åˆ é™¤',
  `audit_id` int(11) unsigned NOT NULL DEFAULT '0' COMMENT 'å®¡æ ¸äººID',
  `create_id` int(11) unsigned NOT NULL DEFAULT '0' COMMENT 'åˆ›å»ºè€…ID',
  `update_id` int(11) unsigned NOT NULL DEFAULT '0' COMMENT 'ä¿®æ”¹è€…ID',
  `create_time` int(11) unsigned NOT NULL DEFAULT '0' COMMENT 'åˆ›å»ºæ—¶é—´',
  `update_time` int(11) unsigned NOT NULL DEFAULT '0' COMMENT 'åˆ›å»ºæ—¶é—´',
  `audit_time` int(11) unsigned NOT NULL DEFAULT '0' COMMENT 'å®¡æ ¸äººæ—¶é—´',
  PRIMARY KEY (`id`),
  KEY `idx_group_id` (`group_id`)
) ENGINE=InnoDB  DEFAULT CHARSET=utf8mb4 COMMENT='APIä¸»è¡¨' AUTO_INCREMENT=8 ;

--
-- è½¬å­˜è¡¨ä¸­çš„æ•°æ® `pp_api_source`
--

INSERT INTO `pp_api_source` (`id`, `group_id`, `source_name`, `status`, `audit_id`, `create_id`, `update_id`, `create_time`, `update_time`, `audit_time`) VALUES
(1, 2, 'åº“å­˜', 1, 0, 1, 1, 1507616276, 1516283236, 0),
(2, 2, 'è®¢å•', 1, 0, 1, 1, 1507616329, 1516283124, 0),
(3, 2, 'å•†å“', 1, 0, 1, 1, 1507616394, 1516283140, 0),
(4, 1, 'äº¤æ˜“', 1, 0, 1, 1, 1507616421, 1516283245, 0),
(5, 1, 'è¯„ä»·', 1, 0, 1, 1, 1510122234, 1516283256, 0),
(6, 3, 'ç‰©æµ', 1, 0, 1, 1, 1515575836, 1516286650, 0),
(7, 3, 'è®¢å•', 0, 0, 1, 1, 1515914737, 1516281455, 0);

-- --------------------------------------------------------

--
-- è¡¨çš„ç»“æ„ `pp_brand_creativity`
--

CREATE TABLE IF NOT EXISTS `pp_brand_creativity` (
  `id` int(11) unsigned NOT NULL AUTO_INCREMENT COMMENT 'è‡ªå¢id',
  `content` text NOT NULL COMMENT 'æ–‡ç« ',
  `status` tinyint(1) NOT NULL DEFAULT '0' COMMENT 'çŠ¶æ€ï¼š1-æ­£å¸¸ï¼Œ0-åˆ é™¤',
  `create_id` int(11) NOT NULL DEFAULT '0' COMMENT 'ç”¨æˆ·ID',
  `update_id` int(11) NOT NULL DEFAULT '0' COMMENT 'ç”¨æˆ·ID',
  `create_time` int(11) NOT NULL DEFAULT '0' COMMENT 'åˆ›å»ºæ—¶é—´',
  `update_time` int(11) NOT NULL DEFAULT '0' COMMENT 'åˆ›å»ºæ—¶é—´',
  `title` varchar(150) NOT NULL DEFAULT '' COMMENT 'æ ‡é¢˜',
  `video_path` varchar(200) NOT NULL DEFAULT '' COMMENT 'è§†é¢‘åœ°å€',
  `url_path` varchar(200) NOT NULL,
  `type` int(1) NOT NULL COMMENT 'æ–‡ç« å±æ€§ 1 å“ç‰Œåˆ›æ„ï¼Œ2 æ•°å­—è¥é”€ 3æ´»åŠ¨å…¬å‘Š,4åˆ›æ–°æ–‡åˆ›',
  `ispctype` int(11) DEFAULT NULL COMMENT '1pc,2',
  `thumbnails_path` varchar(255) CHARACTER SET utf8 COLLATE utf8_bin DEFAULT NULL COMMENT 'ç¼©ç•¥å›¾åœ°å€',
  PRIMARY KEY (`id`)
) ENGINE=InnoDB  DEFAULT CHARSET=utf8mb4 AUTO_INCREMENT=49 ;

--
-- è½¬å­˜è¡¨ä¸­çš„æ•°æ® `pp_brand_creativity`
--

INSERT INTO `pp_brand_creativity` (`id`, `content`, `status`, `create_id`, `update_id`, `create_time`, `update_time`, `title`, `video_path`, `url_path`, `type`, `ispctype`, `thumbnails_path`) VALUES
(1, '', 0, 0, 0, 0, 0, 'ceshi', 'www.baidu.com', '', 0, NULL, NULL),
(2, '', 0, 0, 0, 0, 0, 'ceshi', 'www.baidu.com', '', 0, NULL, NULL),
(3, '', 0, 0, 0, 0, 0, 'ceshi', 'www.baidu.com', '', 0, NULL, NULL),
(4, 'asasssé¥¿é¥¿æ­»çš„ä¸­å°åŸé•‡ä¸‹', 0, 0, 0, 1534990384, 0, 'ceshi', 'www.baidu.com', '', 1, NULL, NULL),
(5, '', 0, 0, 0, 1534992603, 0, '', '', '', 1, 0, NULL),
(6, 'asasssé¥¿é¥¿æ­»çš„ä¸­å°åŸé•‡ä¸‹', 0, 0, 0, 1534992966, 1535019233, 'ceshi', 'www.baidu.com', '', 1, 0, ''),
(7, '', 0, 0, 0, 1534993941, 0, 'zxcZC', 'zcZC', '', 1, 0, ''),
(8, '<p>\r\n	<img src="/static/upload/image/20180823/timg.jpg" alt="" title="" width="500" height="156" align="" />\r\n</p>\r\n<p>\r\n	asdsafdsafcadsfad\r\n</p>\r\n<p>\r\n	sdfdafsadfasf\r\n</p>\r\n<p>\r\n	<img src="/static/upload/image/20180823/timg3 (1).jpg" alt="" title="" width="500" height="333" align="" />\r\n</p>', 0, 0, 0, 1534994019, 0, 'test', 'www.baidu.com', '', 1, NULL, NULL),
(9, '<p>\r\n	<img src="/static/upload/image/20180823/timg.jpg" alt="" title="" width="500" height="156" align="" /> \r\n</p>\r\n<p>\r\n	asdsafdsafcadsfad\r\n</p>\r\n<p>\r\n	sdfdafsadfasf\r\n</p>\r\n<p>\r\n	<img src="/static/upload/image/20180823/timg3 (1).jpg" alt="" title="" width="500" height="333" align="" /> \r\n</p>', 0, 0, 0, 1534994104, 0, 'Zzdcs', 'sdxs', '', 1, 0, ''),
(10, '<p>\r\n	<img src="/static/upload/image/20180823/timg.jpg" alt="" title="" width="500" height="156" align="" /> \r\n</p>\r\n<p>\r\n	asdsafdsafcadsfad\r\n</p>\r\n<p>\r\n	sdfdafsadfasf\r\n</p>\r\n<p>\r\n	<img src="/static/upload/image/20180823/timg3 (1).jpg" alt="" title="" width="500" height="333" align="" /> \r\n</p>', 0, 0, 0, 1534994156, 0, 'AZSxsZ', 'sxaxsZ', '', 1, 0, ''),
(11, '<p>\r\n	<img src="/static/upload/image/20180823/timg.jpg" alt="" title="" width="500" height="156" align="" /> \r\n</p>\r\n<p>\r\n	asdsafdsafcadsfad\r\n</p>\r\n<p>\r\n	sdfdafsadfasf\r\n</p>\r\n<p>\r\n	<img src="/static/upload/image/20180823/timg3 (1).jpg" alt="" title="" width="500" height="333" align="" /> \r\n</p>', 0, 0, 0, 1534994204, 0, 'AZSxsZ', 'sxaxsZ', '', 1, 0, ''),
(12, '<img src="/static/upload/image/20181013/02.jpg" alt="" />', 0, 0, 0, 1535017759, 1539445973, 'zsxsZC', 'csCS', '', 1, 0, ''),
(13, '', 0, 0, 0, 1535017876, 0, 'sfvdv', 'drvdsf', '', 1, NULL, NULL),
(14, '', 0, 0, 0, 1535018033, 1535019106, 'dcdxzc111', 'svfdzv111', '', 1, NULL, NULL),
(15, '<img src="/static/upload/image/20181019/05.jpg" alt="" /><img src="/static/upload/image/20181013/02.jpg" alt="" />', 1, 0, 0, 1535022744, 1539950205, 'åœ°å€æ˜¯å¯¹çš„é€‰æ‹©', 'é€Ÿåº¦é€Ÿåº¦é€Ÿåº¦', '', 1, 0, '<img src="/static/upload/image/20181019/04.jpg" alt="" />'),
(16, '<img src="/static/upload/image/20181019/05.jpg" alt="" /><img src="/static/upload/image/20181013/01.jpg" alt="" />', 1, 0, 0, 1535092957, 1539950172, 'è®¾èº«å¤„åœ°æ•°å­—', 'å¸‚åœºä¸Š', '', 1, 0, '<img src="/static/upload/image/20181019/08.jpg" alt="" />'),
(17, '', 0, 0, 0, 1535093023, 0, 'æ”¶åˆ°æµ‹è¯•', 'å¸‚åœºä¸Š', '', 2, NULL, NULL),
(18, '<img src="/static/upload/image/20180930/bank7.png" alt="" />', 1, 0, 0, 1535093127, 1539950147, 'æ•°å­—åŸå¸‚1', 'ä¸Šæ“¦è¯·æ±‚', '', 1, 0, '<img src="/static/upload/image/20181019/05.jpg" alt="" />'),
(19, '<img src="/static/upload/image/20180930/bank8.png" alt="" />', 1, 0, 0, 1535095952, 1539949949, 'æµ‹è¯•34è¿™æ‰æ˜¯', 'æµ‹è¯•3æ”¶åˆ°æµ‹è¯•', '', 2, 0, '<img src="/static/upload/image/20181019/03.jpg" alt="" />'),
(20, '<img src="/static/upload/image/20180930/bank4.png" alt="" />', 1, 0, 0, 1535096101, 1539949934, 'è¿™æ˜¯ä»S', 'ç¬¬ä¸‰æ¬¡ç¬¬å››ç« ', '', 2, 0, '<img src="/static/upload/image/20181019/03.jpg" alt="" />'),
(21, '<img src="/static/upload/image/20180930/bank2.png" alt="" />', 1, 0, 0, 1535096845, 1539950137, 'æ”¶åˆ°æµ‹è¯•ä¸­', 'åœ¨è‰åœ°ä¸Š', '', 1, 0, '<img src="/static/upload/image/20181019/04.jpg" alt="" />'),
(22, '<img src="/static/upload/image/20180929/banner1.jpg" alt="" />', 1, 0, 0, 1535101450, 1539950000, 'å›¾4', 'å›¾4', '', 3, 0, '<img src="/static/upload/image/20181019/05.jpg" alt="" />'),
(23, '<img src="/static/upload/image/20180929/bank1.png" alt="" />', 1, 0, 0, 1535101667, 1539949989, 'å›¾3', 'æŸ¥è¯¢', '', 3, 0, '<img src="/static/upload/image/20181019/04.jpg" alt="" />'),
(24, '', 0, 0, 0, 1535120155, 0, 'æ”¶åˆ°å‘å¤šå°‘', 'æ”¶åˆ°æµ‹è¯•', '', 4, NULL, NULL),
(25, '<img src="/static/upload/image/20180930/service1.jpg" alt="" />', 1, 0, 0, 1535120251, 1539950049, 'hhjh111', 'ygyu111', '', 4, 0, '<img src="/static/upload/image/20181019/03.jpg" alt="" />'),
(26, '<img src="/static/upload/image/20180930/phone_index04.jpg" alt="" />', 1, 0, 0, 1535466517, 1539950037, 'sddssd111', 'sdds111', '', 4, 0, '<img src="/static/upload/image/20181019/05.jpg" alt="" />'),
(27, '<h3>\r\n	<img src="/static/upload/image/20180930/bank3.png" alt="" /><br />\r\n</h3>', 1, 0, 0, 1535792647, 1539949902, 'çƒ­å•Šé£', 'å››æ–¹å¤§å¦', '', 2, 0, '<img src="/static/upload/image/20181019/02.jpg" alt="" />'),
(28, '<img src="/static/upload/image/20181016/01.jpg" alt="" />', 1, 0, 0, 1535793172, 1539949884, 'dvdvfds', 'xdcsz', '', 2, 0, '<img src="/static/upload/image/20181019/02.jpg" alt="" />'),
(29, '<img src="/static/upload/image/20180929/about_er.png" alt="" />', 1, 0, 0, 1535793417, 1539949975, 'å›¾2', 'å›¾2', '', 3, 0, '<img src="/static/upload/image/20181019/04.jpg" alt="" />'),
(30, '<img src="/static/upload/image/20180930/joinus_banner.jpg" alt="" />', 1, 0, 0, 1535793662, 1539950024, 'zcsd', '', '', 4, 0, '<img src="/static/upload/image/20181019/05.jpg" alt="" />'),
(31, '<img src="/static/upload/image/20180930/bank1.png" alt="" />', 1, 0, 0, 1535793782, 1539950126, 'sfdasad', 'scasdadc', '', 1, 0, '<img src="/static/upload/image/20181019/04.jpg" alt="" />'),
(32, '<img src="/static/upload/image/20180904/1483707457459.jpg" alt="" title="" width="500" height="500" align="" />sdssdds', 0, 0, 0, 1535880422, 1536037367, 'dcx111', '', '', 2, NULL, NULL),
(33, '<img src="/static/upload/image/20180929/about_phone.png" alt="" />', 1, 0, 0, 1535880595, 1539949964, 'å›¾1', 'å›¾1', '', 3, 0, '<img src="/static/upload/image/20181019/03.jpg" alt="" />'),
(34, '<img src="/static/upload/image/20180930/index_nav.jpg" alt="" />', 1, 0, 0, 1535880687, 1539950013, 'sfds', '', '', 4, 0, '<img src="/static/upload/image/20181019/04.jpg" alt="" />'),
(35, 'dweeewe', 0, 0, 0, 1535880815, 1535880821, 'sfsdfdas111', '', '', 1, NULL, NULL),
(36, '<img src="/static/upload/image/20180929/userface.jpg" alt="" />', 0, 0, 0, 1538152805, 0, 'å›¾5', 'å›¾5', '', 3, NULL, NULL),
(37, '<img src="/static/upload/image/20180929/userface.jpg" alt="" />', 0, 0, 0, 1538152915, 0, 'å›¾5', 'å›¾5', '', 3, NULL, NULL),
(38, '<img src="/static/upload/image/20180929/bank1.png" alt="" />', 1, 0, 0, 1538236491, 1545324658, 'ç”µè„‘1', 'å‰å¾€æ±¶å·', 'http://www.baidu.com', 8, 1, ''),
(39, '<img src="/static/upload/image/20180929/bank2.png" alt="" />', 1, 0, 0, 1538236531, 0, 'ç”µè„‘2', 'çš„C', '', 8, 1, NULL),
(40, '<img src="/static/upload/image/20180929/bank3.png" alt="" />', 1, 0, 0, 1538236583, 0, 'ç”µè„‘3', '', '', 8, 1, NULL),
(41, '<img src="/static/upload/image/20180929/zi1.gif" alt="" />', 1, 0, 0, 1538236641, 0, 'ç§»åŠ¨1', 'w', '', 8, 2, NULL),
(42, '<img src="/static/upload/image/20180929/zi2.gif" alt="" />', 1, 0, 0, 1538236716, 0, 'ç§»åŠ¨2', '', '', 8, 2, NULL),
(43, '<img src="/static/upload/image/20180929/about_phone.png" alt="" />', 1, 0, 0, 1538236756, 1545319981, 'ç§»åŠ¨3', '', 'http://www.baidu.com', 8, 2, ''),
(44, 'dfgdfg', 0, 0, 0, 1539256691, 0, 'dfgd', 'fdg', '', 1, 0, NULL),
(45, '<img src="/static/upload/image/20181019/08.jpg" alt="" />', 1, 0, 0, 1539947074, 1539947417, 'SAQ', 'asd', '', 2, 0, '<img src="/static/upload/image/20181019/03.jpg" alt="" />'),
(46, '<img src="/static/upload/image/20181019/03.jpg" alt="" />', 1, 0, 0, 1539948380, 1539948550, 'dsa', 'asdas', '', 3, 0, '<img src="/static/upload/image/20181019/01.jpg" alt="" /><br />'),
(47, '<img src="/static/upload/image/20181019/03.jpg" alt="" />', 1, 0, 0, 1539948937, 1539948957, 'dfas', 'fdsds', '', 4, 0, '<img src="/static/upload/image/20181019/02.jpg" alt="" /><br />'),
(48, '<img src="/static/upload/image/20181019/03.jpg" alt="" />', 1, 0, 0, 1539949330, 1539949350, 'asda', 'fsdadfas', '', 1, 0, '<img src="/static/upload/image/20181019/01.jpg" alt="" /><br />');

-- --------------------------------------------------------

--
-- è¡¨çš„ç»“æ„ `pp_join_article`
--

CREATE TABLE IF NOT EXISTS `pp_join_article` (
  `id` int(11) unsigned NOT NULL AUTO_INCREMENT COMMENT 'è‡ªå¢id',
  `content` text NOT NULL COMMENT 'æ–‡ç« ',
  `status` tinyint(1) NOT NULL DEFAULT '0' COMMENT 'çŠ¶æ€ï¼š1-æ­£å¸¸ï¼Œ0-åˆ é™¤',
  `create_id` int(11) NOT NULL DEFAULT '0' COMMENT 'ç”¨æˆ·ID',
  `update_id` int(11) NOT NULL DEFAULT '0' COMMENT 'ç”¨æˆ·ID',
  `create_time` int(11) NOT NULL DEFAULT '0' COMMENT 'åˆ›å»ºæ—¶é—´',
  `update_time` int(11) NOT NULL DEFAULT '0' COMMENT 'åˆ›å»ºæ—¶é—´',
  `title` varchar(150) NOT NULL DEFAULT '' COMMENT 'æ ‡é¢˜',
  `video_path` varchar(200) NOT NULL DEFAULT '' COMMENT 'è§†é¢‘åœ°å€',
  `type` int(1) NOT NULL COMMENT 'æ–‡ç« å±æ€§ 1 å…¬å¸ç®€ä»‹ï¼Œ2 å…¬å¸ç†å¿µ3æŒ‚ç‰Œå››æ¿,4æœåŠ¡å®¢æˆ·',
  PRIMARY KEY (`id`)
) ENGINE=InnoDB DEFAULT CHARSET=utf8mb4 AUTO_INCREMENT=1 ;

-- --------------------------------------------------------

--
-- è¡¨çš„ç»“æ„ `pp_join_us`
--

CREATE TABLE IF NOT EXISTS `pp_join_us` (
  `id` int(11) unsigned NOT NULL AUTO_INCREMENT COMMENT 'è‡ªå¢id',
  `content` text NOT NULL COMMENT 'æ–‡ç« ',
  `status` tinyint(1) NOT NULL DEFAULT '0' COMMENT 'çŠ¶æ€ï¼š1-æ­£å¸¸ï¼Œ0-åˆ é™¤',
  `create_id` int(11) NOT NULL DEFAULT '0' COMMENT 'ç”¨æˆ·ID',
  `update_id` int(11) NOT NULL DEFAULT '0' COMMENT 'ç”¨æˆ·ID',
  `create_time` int(11) NOT NULL DEFAULT '0' COMMENT 'åˆ›å»ºæ—¶é—´',
  `update_time` int(11) NOT NULL DEFAULT '0' COMMENT 'åˆ›å»ºæ—¶é—´',
  `title` varchar(150) NOT NULL DEFAULT '' COMMENT 'æ ‡é¢˜',
  `video_path` varchar(200) NOT NULL DEFAULT '' COMMENT 'è§†é¢‘åœ°å€',
  `type` int(1) NOT NULL COMMENT 'æ–‡ç« å±æ€§ 1 å•†åŠ¡åˆä½œï¼Œ2 ä»£ç†åˆä½œ 3 åŠ å…¥å›¢é˜Ÿ',
  PRIMARY KEY (`id`)
) ENGINE=InnoDB  DEFAULT CHARSET=utf8mb4 AUTO_INCREMENT=46 ;

--
-- è½¬å­˜è¡¨ä¸­çš„æ•°æ® `pp_join_us`
--

INSERT INTO `pp_join_us` (`id`, `content`, `status`, `create_id`, `update_id`, `create_time`, `update_time`, `title`, `video_path`, `type`) VALUES
(32, '', 0, 0, 0, 1535768568, 0, 'Sfdasd', 'sfcasd', 1),
(33, '<table style="width:100%;" cellspacing="0" cellpadding="2" bordercolor="#000000" border="1">\r\n	<tbody>\r\n		<tr>\r\n			<td>\r\n				<br />\r\n			</td>\r\n			<td>\r\n				<br />\r\n			</td>\r\n		</tr>\r\n		<tr>\r\n			<td>\r\n				<br />\r\n			</td>\r\n			<td>\r\n				<br />\r\n			</td>\r\n		</tr>\r\n		<tr>\r\n			<td>\r\n				<br />\r\n			</td>\r\n			<td>\r\n				<br />\r\n			</td>\r\n		</tr>\r\n	</tbody>\r\n</table>\r\n<br />', 1, 0, 0, 1535768604, 1535794840, 'adas1111', 'fvdsfvds11111', 1),
(34, '<table style="width:100%;" cellspacing="0" cellpadding="2" bordercolor="#000000" border="1">\r\n	<tbody>\r\n		<tr>\r\n			<td>\r\n				<br />\r\n			</td>\r\n			<td>\r\n				<br />\r\n			</td>\r\n		</tr>\r\n		<tr>\r\n			<td>\r\n				<br />\r\n			</td>\r\n			<td>\r\n				<br />\r\n			</td>\r\n		</tr>\r\n		<tr>\r\n			<td>\r\n				<br />\r\n			</td>\r\n			<td>\r\n				<br />\r\n			</td>\r\n		</tr>\r\n	</tbody>\r\n</table>\r\n<br />', 1, 0, 0, 1535769560, 1535795001, 'zcdsdgs2222', 'drgsdg2222', 2),
(35, '', 0, 0, 0, 1535769613, 1535769633, 'xfvfsgbg1111', 'dgfdhgfs11111', 2),
(36, '', 0, 0, 0, 1535770548, 1535770568, 'zscdsdcassdsa1111', 'dvfdsvfdsq1111', 3),
(37, '', 0, 0, 0, 1535785137, 0, 'è‰²å‘è‰²', 'è¯´æ³•äºŒä¸–', 3),
(38, '', 1, 0, 0, 1535785139, 0, 'è‰²å‘è‰²', 'è¯´æ³•äºŒä¸–', 3),
(39, '<table style="width:100%;" cellspacing="0" cellpadding="2" bordercolor="#000000" border="1">\r\n	<tbody>\r\n		<tr>\r\n			<td>\r\n				<br />\r\n			</td>\r\n			<td>\r\n				<br />\r\n			</td>\r\n		</tr>\r\n		<tr>\r\n			<td>\r\n				<br />\r\n			</td>\r\n			<td>\r\n				<br />\r\n			</td>\r\n		</tr>\r\n		<tr>\r\n			<td>\r\n				<br />\r\n			</td>\r\n			<td>\r\n				<br />\r\n			</td>\r\n		</tr>\r\n	</tbody>\r\n</table>\r\n<br />', 1, 0, 0, 1535785157, 1535795223, 'è¿™æ˜¯ä»S', 'ä¸‹çš„è¿Ÿæ—©çš„äº‹', 3),
(40, '2222222', 1, 0, 0, 1535794858, 0, '22222', '22222', 1),
(41, '11111111', 1, 0, 0, 1535795017, 0, '1111111', '11111', 2),
(42, '1111111', 1, 0, 0, 1535795239, 0, '1111', '111111', 3),
(43, 'cscxzvczxvasdfdasdfvda', 1, 0, 0, 1535881372, 1535881378, 'zcs', '', 1),
(44, '<img src="/static/upload/image/20180904/1483707457459.jpg" alt="" title="" width="500" height="500" align="" />', 1, 0, 0, 1535881497, 1536040386, 'sfssdfsf', '', 2),
(45, 'sadadazxczcx', 1, 0, 0, 1535881683, 1535881693, 'adasdszczc', '', 3);

-- --------------------------------------------------------

--
-- è¡¨çš„ç»“æ„ `pp_set_code`
--

CREATE TABLE IF NOT EXISTS `pp_set_code` (
  `id` int(11) unsigned NOT NULL AUTO_INCREMENT,
  `code` varchar(50) NOT NULL DEFAULT '0' COMMENT 'çŠ¶æ€ç ',
  `desc` varchar(255) NOT NULL DEFAULT '0' COMMENT 'æè¿°',
  `detail` varchar(255) NOT NULL DEFAULT '0' COMMENT 'å¤‡æ³¨',
  `status` tinyint(4) unsigned NOT NULL DEFAULT '0' COMMENT 'çŠ¶æ€ï¼Œ1-æ­£å¸¸ 0ç¦ç”¨',
  `create_id` int(11) unsigned NOT NULL DEFAULT '0' COMMENT 'åˆ›å»ºè€…ID',
  `update_id` int(11) unsigned NOT NULL DEFAULT '0' COMMENT 'ä¿®æ”¹è€…ID',
  `create_time` int(11) unsigned NOT NULL DEFAULT '0' COMMENT 'åˆ›å»ºæ—¶é—´',
  `update_time` int(11) unsigned NOT NULL DEFAULT '0' COMMENT 'ä¿®æ”¹æ—¶é—´',
  PRIMARY KEY (`id`),
  UNIQUE KEY `idx_env_name` (`code`)
) ENGINE=InnoDB  DEFAULT CHARSET=utf8mb4 COMMENT='ç¯å¢ƒåˆ†ç»„è¡¨' AUTO_INCREMENT=4 ;

--
-- è½¬å­˜è¡¨ä¸­çš„æ•°æ® `pp_set_code`
--

INSERT INTO `pp_set_code` (`id`, `code`, `desc`, `detail`, `status`, `create_id`, `update_id`, `create_time`, `update_time`) VALUES
(1, '200', 'è¿”å›æˆåŠŸ', 'è¯·æ±‚æˆåŠŸ', 1, 0, 0, 1506328003, 1506328037),
(2, '300', 'è¿”å›é”™è¯¯', 'è¯·æ±‚å¤±è´¥', 1, 0, 0, 1506328023, 1506328023),
(3, '302', 'è¯·æ±‚æˆåŠŸ', 'é”™è¯¯', 0, 0, 0, 1506328070, 1506334951);

-- --------------------------------------------------------

--
-- è¡¨çš„ç»“æ„ `pp_set_env`
--

CREATE TABLE IF NOT EXISTS `pp_set_env` (
  `id` int(11) unsigned NOT NULL AUTO_INCREMENT,
  `env_name` varchar(50) NOT NULL DEFAULT '' COMMENT 'ç¯å¢ƒåç§°',
  `env_host` varchar(255) NOT NULL DEFAULT '0' COMMENT 'ç¯å¢ƒhost',
  `detail` varchar(255) NOT NULL DEFAULT '0' COMMENT 'å¤‡æ³¨',
  `status` tinyint(4) unsigned NOT NULL DEFAULT '0' COMMENT 'çŠ¶æ€ï¼Œ1-æ­£å¸¸ 0ç¦ç”¨',
  `create_id` int(11) unsigned NOT NULL DEFAULT '0' COMMENT 'åˆ›å»ºè€…ID',
  `update_id` int(11) unsigned NOT NULL DEFAULT '0' COMMENT 'ä¿®æ”¹è€…ID',
  `create_time` int(11) unsigned NOT NULL DEFAULT '0' COMMENT 'åˆ›å»ºæ—¶é—´',
  `update_time` int(11) unsigned NOT NULL DEFAULT '0' COMMENT 'ä¿®æ”¹æ—¶é—´',
  PRIMARY KEY (`id`),
  UNIQUE KEY `idx_env_name` (`env_name`)
) ENGINE=InnoDB  DEFAULT CHARSET=utf8mb4 COMMENT='ç¯å¢ƒåˆ†ç»„è¡¨' AUTO_INCREMENT=4 ;

--
-- è½¬å­˜è¡¨ä¸­çš„æ•°æ® `pp_set_env`
--

INSERT INTO `pp_set_env` (`id`, `env_name`, `env_host`, `detail`, `status`, `create_id`, `update_id`, `create_time`, `update_time`) VALUES
(1, 'æµ‹è¯•åœ°å€', 'http://test.haodaquan.com', 'æµ‹è¯•åœ°å€', 1, 0, 1, 1506316614, 1516283029),
(2, 'æµ‹è¯•åœ°å€3', 'http://127.0.0.1:8083', 'æµ‹è¯•åœ°å€3', 0, 0, 0, 1506316696, 1506316850),
(3, 'æ­£å¼ç¯å¢ƒ', 'http://api.haodaquan.com', 'è¿™ä¸ªä¹Ÿæ˜¯æµ‹è¯•å†…å®¹', 1, 1, 1, 1515140110, 1516281840);

-- --------------------------------------------------------

--
-- è¡¨çš„ç»“æ„ `pp_set_group`
--

CREATE TABLE IF NOT EXISTS `pp_set_group` (
  `id` int(11) unsigned NOT NULL AUTO_INCREMENT,
  `group_name` varchar(50) NOT NULL DEFAULT '' COMMENT 'ç»„å',
  `detail` varchar(1000) NOT NULL DEFAULT '' COMMENT 'è¯´æ˜',
  `env_ids` varchar(255) NOT NULL DEFAULT '' COMMENT 'ç¯å¢ƒIDï¼Œ1,2',
  `code_ids` varchar(200) NOT NULL COMMENT 'çŠ¶æ€ç id 1,2',
  `api_public_ids` varchar(200) NOT NULL COMMENT 'å…¬å…±æ–‡æ¡£ids 1,2',
  `status` tinyint(1) unsigned NOT NULL DEFAULT '0' COMMENT 'çŠ¶æ€ï¼š1-æ­£å¸¸ï¼Œ0-åˆ é™¤',
  `create_id` int(11) NOT NULL DEFAULT '0' COMMENT 'ç”¨æˆ·ID',
  `update_id` int(11) NOT NULL DEFAULT '0' COMMENT 'ç”¨æˆ·ID',
  `create_time` int(11) NOT NULL DEFAULT '0' COMMENT 'åˆ›å»ºæ—¶é—´',
  `update_time` int(11) NOT NULL DEFAULT '0' COMMENT 'åˆ›å»ºæ—¶é—´',
  PRIMARY KEY (`id`),
  KEY `idx_create_id` (`create_id`)
) ENGINE=InnoDB  DEFAULT CHARSET=utf8mb4 AUTO_INCREMENT=4 ;

--
-- è½¬å­˜è¡¨ä¸­çš„æ•°æ® `pp_set_group`
--

INSERT INTO `pp_set_group` (`id`, `group_name`, `detail`, `env_ids`, `code_ids`, `api_public_ids`, `status`, `create_id`, `update_id`, `create_time`, `update_time`) VALUES
(1, 'ä¾›åº”å•†', 'è¿™æ˜¯ä¾›åº”å•†', '1,3', '1,2', '1,2,3', 1, 0, 1, 1506237536, 1516283091),
(2, 'å¤§å•†æˆ·', 'å…³äºå¤§å•†æˆ·çš„æ¥å£', '1,3', '1,2', '1,2,3', 1, 0, 1, 1506237621, 1516283080),
(3, 'Topå•†æˆ·', 'æœ‰å…³è®¢å•çš„æ¥å£', '1,3', '1,2', '1,2,3', 1, 1, 1, 1516281298, 1516371024);

-- --------------------------------------------------------

--
-- è¡¨çš„ç»“æ„ `pp_set_template`
--

CREATE TABLE IF NOT EXISTS `pp_set_template` (
  `id` int(11) unsigned NOT NULL AUTO_INCREMENT,
  `template_name` varchar(100) NOT NULL DEFAULT '0' COMMENT 'æ¨¡æ¿ID',
  `detail` text NOT NULL COMMENT 'è¯¦æƒ…',
  `status` tinyint(1) unsigned NOT NULL DEFAULT '1' COMMENT 'çŠ¶æ€ï¼Œ1-æ­£å¸¸ï¼Œ0-åˆ é™¤',
  `create_id` int(11) unsigned NOT NULL DEFAULT '0' COMMENT 'åˆ›å»ºè€…ID',
  `update_id` int(11) unsigned NOT NULL DEFAULT '0' COMMENT 'ä¿®æ”¹è€…ID',
  `create_time` int(11) unsigned NOT NULL DEFAULT '0' COMMENT 'åˆ›å»ºæ—¶é—´',
  `update_time` int(11) unsigned NOT NULL DEFAULT '0' COMMENT 'åˆ›å»ºæ—¶é—´',
  PRIMARY KEY (`id`),
  KEY `idx_main_id` (`template_name`)
) ENGINE=InnoDB  DEFAULT CHARSET=utf8mb4 COMMENT='APIå‚æ•°è¡¨' AUTO_INCREMENT=3 ;

--
-- è½¬å­˜è¡¨ä¸­çš„æ•°æ® `pp_set_template`
--

INSERT INTO `pp_set_template` (`id`, `template_name`, `detail`, `status`, `create_id`, `update_id`, `create_time`, `update_time`) VALUES
(1, 'æ¥å£é€šç”¨æ¨¡æ¿', '#### ç®€è¦æè¿°ï¼š\n\n- ç”¨æˆ·ç™»å½•æ¥å£\n#### è¯·æ±‚å¤´ï¼š\n\n|å‚æ•°å|æ˜¯å¦å¿…é¡»|ç±»å‹|è¯´æ˜|\n|:----    |:---|:----- |-----   |\n|Content-Type |æ˜¯  |string |è¯·æ±‚ç±»å‹ï¼š application/json   |\n|Content-MD5 |æ˜¯  |string | è¯·æ±‚å†…å®¹ç­¾å    |\n\n\n#### è¯·æ±‚å‚æ•°:\n\n|å‚æ•°å|æ˜¯å¦å¿…é¡»|ç±»å‹|è¯´æ˜|ç¤ºä¾‹å€¼\n|:----    |:---|:----- |-----   |-----   |\n|username |æ˜¯  |string |ç”¨æˆ·å   | george518\n|password |æ˜¯  |string | å¯†ç     | george518\n\n#### è¿”å›å‚æ•°:\n\n|å‚æ•°å|ç±»å‹|è¯´æ˜|\n|:-----  |:-----|-----                           |\n|group_level |int   |ç”¨æˆ·ç»„idï¼Œ1ï¼šè¶…çº§ç®¡ç†å‘˜ï¼›2ï¼šæ™®é€šç”¨æˆ·  |\n\n#### è¿”å›ç¤ºä¾‹:\n\n**æ­£ç¡®æ—¶è¿”å›:**\n\n```\n{\n"status": 200,\n"message": "Success",\n"data": {\n    "uid": "1",\n    "account": "admin",\n    "nickname": "Minho",\n    "group_level": 0 ,\n    "create_time": "1436864169",\n    "last_login_time": "0",\n}\n}\n```\n\n**é”™è¯¯æ—¶è¿”å›:**\n\n\n```\n{\n"status": 300,\n"message": "invalid username"\n"data":{\n    \n}\n}\n```\n\n#### è°ƒç”¨ç¤ºä¾‹:\n\n```\n\n<?php\n    echo "Hello world";\n```\n#### å¤‡æ³¨:\n\n- æ›´å¤šè¿”å›é”™è¯¯ä»£ç è¯·çœ‹é¦–é¡µçš„é”™è¯¯ä»£ç æè¿°\n\n#### æ¥å£ç‰ˆæœ¬ï¼š\n\n|ç‰ˆæœ¬å·|åˆ¶å®šäºº|åˆ¶å®šæ—¥æœŸ|ä¿®è®¢æ—¥æœŸ|\n|:----    |:---|:----- |-----   |\n|2.1.0 |éƒå¤§å…¨  |2018-01-15 |  2018-01-15 |', 1, 1, 1, 1516085341, 1516281815),
(2, 'å…¬å…±æ–‡æ¡£æ¨¡æ¿', '#### è¿™æ˜¯æ ‡é¢˜\n\n- è¿™æ˜¯å†…å®¹è¿™æ˜¯ä¸€ä¸ªAPç®¡ç†çš„å†…å®¹æ¨¡æ¿\nå†…å®¹æ¨¡æ¿å•Šå•Š', 1, 1, 1, 1516085369, 1516281799);

-- --------------------------------------------------------

--
-- è¡¨çš„ç»“æ„ `pp_uc_admin`
--

CREATE TABLE IF NOT EXISTS `pp_uc_admin` (
  `id` int(11) unsigned NOT NULL AUTO_INCREMENT,
  `login_name` varchar(20) NOT NULL DEFAULT '' COMMENT 'ç”¨æˆ·å',
  `real_name` varchar(32) NOT NULL DEFAULT '0' COMMENT 'çœŸå®å§“å',
  `password` char(32) NOT NULL DEFAULT '' COMMENT 'å¯†ç ',
  `role_ids` varchar(255) NOT NULL DEFAULT '0' COMMENT 'è§’è‰²idå­—ç¬¦ä¸²ï¼Œå¦‚ï¼š2,3,4',
  `phone` varchar(20) NOT NULL DEFAULT '0' COMMENT 'æ‰‹æœºå·ç ',
  `email` varchar(50) NOT NULL DEFAULT '' COMMENT 'é‚®ç®±',
  `salt` char(10) NOT NULL DEFAULT '' COMMENT 'å¯†ç ç›',
  `last_login` int(11) NOT NULL DEFAULT '0' COMMENT 'æœ€åç™»å½•æ—¶é—´',
  `last_ip` char(15) NOT NULL DEFAULT '' COMMENT 'æœ€åç™»å½•IP',
  `status` tinyint(4) NOT NULL DEFAULT '0' COMMENT 'çŠ¶æ€ï¼Œ1-æ­£å¸¸ 0ç¦ç”¨',
  `create_id` int(11) unsigned NOT NULL DEFAULT '0' COMMENT 'åˆ›å»ºè€…ID',
  `update_id` int(11) unsigned NOT NULL DEFAULT '0' COMMENT 'ä¿®æ”¹è€…ID',
  `create_time` int(11) unsigned NOT NULL DEFAULT '0' COMMENT 'åˆ›å»ºæ—¶é—´',
  `update_time` int(11) unsigned NOT NULL DEFAULT '0' COMMENT 'ä¿®æ”¹æ—¶é—´',
  PRIMARY KEY (`id`),
  UNIQUE KEY `idx_user_name` (`login_name`)
) ENGINE=InnoDB  DEFAULT CHARSET=utf8mb4 COMMENT='ç®¡ç†å‘˜è¡¨' AUTO_INCREMENT=8 ;

--
-- è½¬å­˜è¡¨ä¸­çš„æ•°æ® `pp_uc_admin`
--

INSERT INTO `pp_uc_admin` (`id`, `login_name`, `real_name`, `password`, `role_ids`, `phone`, `email`, `salt`, `last_login`, `last_ip`, `status`, `create_id`, `update_id`, `create_time`, `update_time`) VALUES
(1, 'admin', 'è¶…çº§ç®¡ç†å‘˜', '840fa1e5f049c861c7ed245293afcf8d', '0', '13888888889', 'haodaquan2008@163.com', 'kmcB', 1535882087, '[::1]', 1, 0, 0, 0, 1506128438),
(2, 'george518', 'georgeHao', 'e5d77ebaffd5e4fe7164b31c6d7f1921', '1,2', '13811558899', '12@11.com', 'ONNy', 1506125048, '127.0.0.1', 0, 0, 0, 0, 1515116737),
(3, 'haodaquan', 'éƒå¤§å…¨', 'e9fa9187e7497892c237433aee966cc1', '2,1', '13811559988', 'hao@123.com', '6fWE', 1505960085, '127.0.0.1', 1, 1, 0, 1505919245, 1513388240),
(4, 'ceshizhanghao', 'æµ‹è¯•å§“å', 'fa3fb5825c2e64bc764f29245dd1ec7a', '2', '13988009988', '232@124.com', 'i8Nf', 0, '', 1, 1, 0, 1506047337, 1513388111),
(5, 'liucy', 'liucy', '2db17e5e1933e41c2b4b9dd7ed5f1c99', '2', '13522222222', 'l@163.com', 'yssx', 0, '', 1, 1, 1, 1535774679, 1535774679),
(6, 'liucy001', 'liucy', '2404c7fa74e49659c63904be92027a0a', '2,1', '13565433456', '11@163.com', '36GV', 1545321340, '127.0.0.1', 1, 1, 1, 1535879823, 1535879823),
(7, 'headline', 'èˆèˆ', '05e2cd9f08b4c14d111a8a3fe07acacc', '2,1', '13811494456', '294128246@qq.com', 'Wrok', 0, '', 1, 6, 6, 1538204691, 1538204691);

-- --------------------------------------------------------

--
-- è¡¨çš„ç»“æ„ `pp_uc_auth`
--

CREATE TABLE IF NOT EXISTS `pp_uc_auth` (
  `id` int(11) unsigned NOT NULL AUTO_INCREMENT COMMENT 'è‡ªå¢ID',
  `pid` int(11) unsigned NOT NULL DEFAULT '0' COMMENT 'ä¸Šçº§IDï¼Œ0ä¸ºé¡¶çº§',
  `auth_name` varchar(64) NOT NULL DEFAULT '0' COMMENT 'æƒé™åç§°',
  `auth_url` varchar(255) NOT NULL DEFAULT '0' COMMENT 'URLåœ°å€',
  `sort` int(1) unsigned NOT NULL DEFAULT '999' COMMENT 'æ’åºï¼Œè¶Šå°è¶Šå‰',
  `icon` varchar(255) NOT NULL,
  `is_show` tinyint(1) unsigned NOT NULL DEFAULT '0' COMMENT 'æ˜¯å¦æ˜¾ç¤ºï¼Œ0-éšè—ï¼Œ1-æ˜¾ç¤º',
  `user_id` int(11) unsigned NOT NULL DEFAULT '0' COMMENT 'æ“ä½œè€…ID',
  `create_id` int(11) unsigned NOT NULL DEFAULT '0' COMMENT 'åˆ›å»ºè€…ID',
  `update_id` int(11) unsigned NOT NULL DEFAULT '0' COMMENT 'ä¿®æ”¹è€…ID',
  `status` tinyint(1) unsigned NOT NULL DEFAULT '1' COMMENT 'çŠ¶æ€ï¼Œ1-æ­£å¸¸ï¼Œ0-åˆ é™¤',
  `create_time` int(11) unsigned NOT NULL DEFAULT '0' COMMENT 'åˆ›å»ºæ—¶é—´',
  `update_time` int(11) unsigned NOT NULL DEFAULT '0' COMMENT 'æ›´æ–°æ—¶é—´',
  PRIMARY KEY (`id`)
) ENGINE=InnoDB  DEFAULT CHARSET=utf8mb4 COMMENT='æƒé™å› å­' AUTO_INCREMENT=100 ;

--
-- è½¬å­˜è¡¨ä¸­çš„æ•°æ® `pp_uc_auth`
--

INSERT INTO `pp_uc_auth` (`id`, `pid`, `auth_name`, `auth_url`, `sort`, `icon`, `is_show`, `user_id`, `create_id`, `update_id`, `status`, `create_time`, `update_time`) VALUES
(1, 0, 'æ‰€æœ‰æƒé™', '/', 1, '', 0, 1, 1, 1, 1, 1505620970, 1505620970),
(2, 1, 'æƒé™ç®¡ç†', '/', 999, 'fa-id-card', 1, 1, 0, 1, 1, 0, 1505622360),
(3, 2, 'ç®¡ç†å‘˜', '/admin/list', 1, 'fa-user-o', 1, 1, 1, 1, 1, 1505621186, 1505621186),
(4, 2, 'è§’è‰²ç®¡ç†', '/role/list', 2, 'fa-user-circle-o', 1, 1, 0, 1, 1, 0, 1505621852),
(5, 3, 'æ–°å¢', '/admin/add', 1, '', 0, 1, 0, 1, 1, 0, 1505621685),
(6, 3, 'ä¿®æ”¹', '/admin/edit', 2, '', 0, 1, 0, 1, 1, 0, 1505621697),
(7, 3, 'åˆ é™¤', '/admin/ajaxdel', 3, '', 0, 1, 1, 1, 1, 1505621756, 1505621756),
(8, 4, 'æ–°å¢', '/role/add', 1, '', 1, 1, 0, 1, 1, 0, 1505698716),
(9, 4, 'ä¿®æ”¹', '/role/edit', 2, '', 0, 1, 1, 1, 1, 1505621912, 1505621912),
(10, 4, 'åˆ é™¤', '/role/ajaxdel', 3, '', 0, 1, 1, 1, 1, 1505621951, 1505621951),
(11, 2, 'æƒé™å› å­', '/auth/list', 3, 'fa-list', 1, 1, 1, 1, 1, 1505621986, 1505621986),
(12, 11, 'æ–°å¢', '/auth/add', 1, '', 0, 1, 1, 1, 1, 1505622009, 1505622009),
(13, 11, 'ä¿®æ”¹', '/auth/edit', 2, '', 0, 1, 1, 1, 1, 1505622047, 1505622047),
(14, 11, 'åˆ é™¤', '/auth/ajaxdel', 3, '', 0, 1, 1, 1, 1, 1505622111, 1505622111),
(15, 1, 'ä¸ªäººä¸­å¿ƒ', 'profile/edit', 1001, 'fa-user-circle-o', 1, 1, 0, 1, 1, 0, 1506001114),
(16, 1, 'APIç®¡ç†', '/', 1, 'fa-cubes', 0, 1, 0, 1, 1, 0, 1535879738),
(17, 16, 'APIæ¥å£', '/api/list', 1, 'fa-link', 1, 1, 1, 1, 1, 1505622447, 1505622447),
(19, 20, 'å…¬å…±æ–‡æ¡£', '/apipublic/list', 3, 'fa-files-o', 1, 1, 0, 1, 1, 0, 1516155852),
(20, 1, 'åŸºç¡€è®¾ç½®', '/', 2, 'fa-cogs', 0, 1, 0, 1, 1, 0, 1535879765),
(21, 20, 'åˆ†ç»„è®¾ç½®', '/group/list', 1, 'fa-object-ungroup', 1, 1, 1, 1, 1, 1505622645, 1505622645),
(22, 20, 'ç¯å¢ƒè®¾ç½®', '/env/list', 2, 'fa-tree', 1, 1, 1, 1, 1, 1505622681, 1505622681),
(23, 20, 'çŠ¶æ€ç è®¾ç½®', '/code/list', 3, 'fa-code', 1, 1, 1, 1, 1, 1505622728, 1505622728),
(24, 15, 'èµ„æ–™ä¿®æ”¹', '/user/edit', 1, 'fa-edit', 1, 1, 0, 1, 1, 0, 1506057468),
(25, 21, 'æ–°å¢', '/group/add', 1, 'n', 0, 1, 0, 1, 1, 0, 1513324170),
(26, 21, 'ä¿®æ”¹', '/group/edit', 2, 'fa', 0, 0, 0, 0, 1, 1506237920, 1506237920),
(27, 21, 'åˆ é™¤', '/group/ajaxdel', 3, 'fa', 0, 0, 0, 0, 1, 1506237948, 1506237948),
(28, 22, 'æ–°å¢', '/env/add', 1, 'fa', 0, 0, 0, 0, 1, 1506316506, 1506316506),
(29, 22, 'ä¿®æ”¹', '/env/edit', 2, 'fa', 0, 0, 0, 0, 1, 1506316532, 1506316532),
(30, 22, 'åˆ é™¤', '/env/ajaxdel', 3, 'fa', 0, 0, 0, 0, 1, 1506316567, 1506316567),
(31, 23, 'æ–°å¢', '/code/add', 1, 'fa', 0, 0, 0, 0, 1, 1506327812, 1506327812),
(32, 23, 'ä¿®æ”¹', '/code/edit', 2, 'fa', 0, 0, 0, 0, 1, 1506327831, 1506327831),
(33, 23, 'åˆ é™¤', '/code/ajadel', 3, 'fa', 0, 0, 0, 0, 1, 1506327857, 1506327857),
(34, 17, 'æ–°å¢æ¥å£', '/api/add', 1, 'fa-link', 1, 1, 0, 1, 1, 0, 1515984869),
(35, 17, 'ä¿®æ”¹æ¥å£', '/api/edit', 2, 'fa-link', 1, 1, 0, 1, 1, 0, 1515984880),
(36, 17, 'åˆ é™¤æ¥å£', '/api/ajaxdel', 3, 'fa-link', 1, 1, 0, 1, 1, 0, 1515984893),
(37, 17, 'æŸ¥çœ‹æ¥å£', '/api/detail', 4, '', 0, 1, 0, 1, 1, 0, 1515984908),
(38, 17, 'æ‰¹é‡å®¡æ ¸æ¥å£', '/api/ajaxchangestatus', 5, '', 0, 1, 0, 1, 1, 0, 1516000160),
(39, 16, 'APIèµ„æº', '/apisource/list', 1, 'fa-skyatlas', 1, 1, 0, 1, 1, 0, 1515984925),
(40, 39, 'æ–°å¢', '/apisource/add', 1, '', 0, 1, 0, 1, 1, 0, 1515905034),
(41, 39, 'ä¿®æ”¹', '/apisource/edit', 2, '', 0, 1, 0, 1, 1, 0, 1515905044),
(42, 39, 'åˆ é™¤', '/apisource/ajaxdel', 3, '', 0, 1, 0, 1, 1, 0, 1515905055),
(43, 17, 'å®¡æ ¸é¡µé¢', '/api/audit', 6, '', 0, 1, 1, 1, 1, 1516000189, 1516000189),
(44, 19, 'æ–°å¢', '/apipublic/add', 1, '', 0, 1, 1, 1, 1, 1516067809, 1516067809),
(45, 19, 'ä¿®æ”¹', '/apipublic/edit', 2, '', 0, 1, 1, 1, 1, 1516067841, 1516067841),
(46, 19, 'åˆ é™¤', '/apipublic/ajaxdel', 3, '', 0, 1, 1, 1, 1, 1516067881, 1516067881),
(47, 20, 'æ¨¡æ¿è®¾ç½®', '/template/list', 4, 'fa-file-text', 1, 1, 1, 1, 1, 1516083233, 1516083233),
(48, 47, 'æ–°å¢', '/template/add', 1, '', 0, 1, 1, 1, 1, 1516083262, 1516083262),
(49, 47, 'ä¿®æ”¹', '/template/edit', 2, '', 0, 1, 1, 1, 1, 1516083296, 1516083296),
(50, 47, 'åˆ é™¤', '/template/ajaxdel', 3, '', 0, 1, 1, 1, 1, 1516083335, 1516083335),
(51, 1, 'æœåŠ¡', '/', 100, 'address-book-o', 1, 1, 0, 1, 1, 0, 1534403863),
(52, 51, 'å“ç‰Œåˆ›æ„', '/brandcreativity/list', 111, '', 1, 1, 0, 1, 1, 0, 1534473200),
(53, 51, 'æ•°å­—è¥é”€', '/marketing/list', 102, '', 1, 1, 0, 1, 1, 0, 1535091760),
(54, 51, 'æ´»åŠ¨å…¬å‘Š', '/announcement/list', 103, '', 1, 6, 0, 6, 1, 0, 1539446254),
(55, 51, 'åˆ›æ–°æ–‡åˆ›', '/innovation/list', 104, '', 1, 1, 0, 1, 1, 0, 1535119770),
(56, 1, 'ä½œå“è§†é¢‘', '/', 200, 'lightbulb-o', 1, 6, 0, 6, 1, 0, 1539447497),
(57, 56, 'å“ç‰Œä½œå“è§†é¢‘', '/brandworks/list', 201, '', 1, 6, 0, 6, 1, 0, 1539447520),
(58, 1, 'å…³äºæˆ‘ä»¬', '/', 300, '', 1, 1, 1, 1, 1, 1534404097, 1534404097),
(59, 58, 'å…¬å¸ç®€ä»‹', '/companyprofile/list', 301, '', 1, 1, 0, 1, 1, 0, 1535124805),
(60, 58, 'å…¬å¸ç†å¿µ', '/companyconcept/list', 302, 'hand-rock-o', 1, 1, 0, 1, 1, 0, 1535469637),
(61, 58, 'æŒ‚ç‰Œå››æ¿', '/companylisted/list', 303, '', 1, 1, 0, 1, 1, 0, 1535550709),
(62, 58, 'æœåŠ¡å®¢æˆ·', '/companyservice/list', 304, '', 1, 1, 0, 1, 1, 0, 1535552117),
(63, 1, 'åŠ å…¥æˆ‘ä»¬', '/', 400, '', 1, 1, 1, 1, 1, 1534407655, 1534407655),
(64, 63, 'å•†åŠ¡åˆä½œ', '/business/list', 401, '', 1, 1, 0, 1, 1, 0, 1535553740),
(65, 63, 'ä»£ç†åˆä½œ', '/agent/list', 402, '', 1, 1, 0, 1, 1, 0, 1535769217),
(66, 63, 'åŠ å…¥å›¢é˜Ÿ', '/jointeam/list', 403, '', 1, 1, 0, 1, 1, 0, 1535770219),
(67, 52, 'æ–°å¢', '/brandcreativity/add', 111, '', 1, 1, 1, 1, 1, 1534475006, 1534475006),
(68, 52, 'ç¼–è¾‘', '/brandcreativity/edit', 111, '', 1, 1, 1, 1, 1, 1534475060, 1534475060),
(69, 52, 'è¯¦æƒ…', '/brandcreativity/detail', 111, '', 1, 1, 1, 1, 1, 1534475094, 1534475094),
(70, 52, 'åˆ é™¤', '/brandcreativity/del', 111, '', 1, 1, 1, 1, 1, 1534475116, 1534475116),
(71, 20, 'å›¾ç‰‡ä¸Šä¼ ', '/uploads/uploads', 700, '', 0, 1, 0, 1, 1, 0, 1535770635),
(72, 52, 'æ–°å¢æ¥å£', '/brandcreativity/ajaxsave1', 111, '', 1, 1, 0, 1, 0, 0, 1535096819),
(73, 53, 'æ–°å¢', '/marketing/add', 102, '', 1, 1, 1, 1, 1, 1535092892, 1535092892),
(74, 53, 'è¯¦æƒ…', '/marketing/detail', 102, '', 1, 1, 1, 1, 1, 1535093606, 1535093606),
(75, 53, 'ç¼–è¾‘', '/marketing/edit', 102, '', 1, 1, 1, 1, 1, 1535094248, 1535094248),
(76, 54, 'æ–°å¢', '/announcement/add', 103, '', 1, 1, 1, 1, 1, 1535101431, 1535101431),
(77, 54, 'ç¼–è¾‘', '/announcement/edit', 103, '', 1, 1, 1, 1, 1, 1535101611, 1535101611),
(78, 55, 'æ–°å¢', '/innovation/add', 104, '', 1, 1, 1, 1, 1, 1535120136, 1535120136),
(79, 55, 'ç¼–è¾‘', '/innovation/edit', 104, '', 1, 1, 1, 1, 1, 1535120228, 1535120228),
(80, 59, 'æ–°å¢', '/companyprofile/add', 301, '', 0, 1, 0, 1, 1, 0, 1535468582),
(81, 59, 'ç¼–è¾‘', '/companyprofile/edit', 301, '', 0, 1, 1, 1, 1, 1535468679, 1535468679),
(82, 60, 'æ–°å¢', '/companyconcept/add', 302, 'hand-rock-o', 0, 1, 1, 1, 1, 1535469923, 1535469923),
(83, 60, 'ç¼–è¾‘', '/companyconcept/edit', 302, 'hand-rock-o', 0, 1, 1, 1, 1, 1535469967, 1535469967),
(84, 61, 'æ–°å¢', '/companylisted/add', 108, '', 0, 1, 0, 1, 1, 0, 1535552463),
(85, 61, 'ç¼–è¾‘', '/companylisted/edit', 108, '', 0, 1, 1, 1, 1, 1535551400, 1535551400),
(86, 62, 'æ–°å¢', '/companyservice/add', 304, '', 0, 1, 1, 1, 1, 1535552404, 1535552404),
(87, 62, 'ç¼–è¾‘', '/companyservice/edit', 304, '', 0, 1, 1, 1, 1, 1535552436, 1535552436),
(88, 64, 'æ–°å¢', '/business/add', 401, '', 0, 1, 1, 1, 1, 1535554518, 1535554518),
(89, 64, 'ç¼–è¾‘', '/business/edit', 401, '', 0, 1, 1, 1, 1, 1535768691, 1535768691),
(90, 65, 'æ–°å¢', '/agent/add', 402, '', 0, 1, 1, 1, 1, 1535769340, 1535769340),
(91, 65, 'ç¼–è¾‘', '/agent/edit', 402, '', 0, 1, 1, 1, 1, 1535769382, 1535769382),
(92, 66, 'æ–°å¢', '/jointeam/add', 444, '', 0, 1, 1, 1, 1, 1535770276, 1535770276),
(93, 66, 'ç¼–è¾‘', '/jointeam/edit', 403, '', 0, 1, 1, 1, 1, 1535770319, 1535770319),
(94, 57, 'æ–°å¢', '/brandworks/add', 222, '', 0, 1, 1, 1, 1, 1535783504, 1535783504),
(95, 57, 'ç¼–è¾‘', '/brandworks/edit', 222, '', 0, 1, 0, 1, 1, 0, 1535784016),
(96, 1, 'é¦–é¡µè½®æ’­å›¾', '/', 100, '', 1, 6, 6, 6, 1, 1538236234, 1538236234),
(97, 96, 'ç”µè„‘å’Œç§»åŠ¨çš„è½®æ’­å›¾', '/lunbo/list', 100, '', 1, 6, 6, 6, 1, 1538236315, 1538236315),
(98, 97, 'æ–°å¢', '/lunbo/add', 100, '', 1, 6, 6, 6, 1, 1538236407, 1538236407),
(99, 97, 'ç¼–è¾‘', '/lunbo/edit', 100, '', 1, 6, 6, 6, 1, 1538236432, 1538236432);

-- --------------------------------------------------------

--
-- è¡¨çš„ç»“æ„ `pp_uc_role`
--

CREATE TABLE IF NOT EXISTS `pp_uc_role` (
  `id` int(11) unsigned NOT NULL AUTO_INCREMENT COMMENT 'ä¸»é”®ID',
  `role_name` varchar(32) NOT NULL DEFAULT '0' COMMENT 'è§’è‰²åç§°',
  `detail` varchar(255) NOT NULL DEFAULT '0' COMMENT 'å¤‡æ³¨',
  `create_id` int(11) unsigned NOT NULL DEFAULT '0' COMMENT 'åˆ›å»ºè€…ID',
  `update_id` int(11) unsigned NOT NULL DEFAULT '0' COMMENT 'ä¿®æ”¹è¿™ID',
  `status` tinyint(1) unsigned NOT NULL DEFAULT '1' COMMENT 'çŠ¶æ€1-æ­£å¸¸ï¼Œ0-åˆ é™¤',
  `create_time` int(11) unsigned NOT NULL DEFAULT '0' COMMENT 'æ·»åŠ æ—¶é—´',
  `update_time` int(11) unsigned NOT NULL DEFAULT '0' COMMENT 'ä¿®æ”¹æ—¶é—´',
  PRIMARY KEY (`id`)
) ENGINE=InnoDB  DEFAULT CHARSET=utf8 COMMENT='è§’è‰²è¡¨' AUTO_INCREMENT=3 ;

--
-- è½¬å­˜è¡¨ä¸­çš„æ•°æ® `pp_uc_role`
--

INSERT INTO `pp_uc_role` (`id`, `role_name`, `detail`, `create_id`, `update_id`, `status`, `create_time`, `update_time`) VALUES
(1, 'APIç®¡ç†å‘˜', 'æ‹¥æœ‰APIæ‰€æœ‰æƒé™', 0, 1, 1, 1535775438, 1535775438),
(2, 'ç³»ç»Ÿç®¡ç†å‘˜', 'ç³»ç»Ÿç®¡ç†å‘˜', 0, 6, 1, 1538236447, 1538236447);

-- --------------------------------------------------------

--
-- è¡¨çš„ç»“æ„ `pp_uc_role_auth`
--

CREATE TABLE IF NOT EXISTS `pp_uc_role_auth` (
  `role_id` int(11) unsigned NOT NULL DEFAULT '0' COMMENT 'è§’è‰²ID',
  `auth_id` int(11) unsigned NOT NULL DEFAULT '0' COMMENT 'æƒé™ID',
  PRIMARY KEY (`role_id`,`auth_id`)
) ENGINE=InnoDB DEFAULT CHARSET=utf8mb4 COMMENT='æƒé™å’Œè§’è‰²å…³ç³»è¡¨';

--
-- è½¬å­˜è¡¨ä¸­çš„æ•°æ® `pp_uc_role_auth`
--

INSERT INTO `pp_uc_role_auth` (`role_id`, `auth_id`) VALUES
(2, 0),
(2, 1),
(2, 2),
(2, 3),
(2, 4),
(2, 5),
(2, 6),
(2, 7),
(2, 8),
(2, 9),
(2, 10),
(2, 11),
(2, 12),
(2, 13),
(2, 14),
(2, 15),
(2, 16),
(2, 17),
(2, 19),
(2, 20),
(2, 21),
(2, 22),
(2, 23),
(2, 24),
(2, 25),
(2, 26),
(2, 27),
(2, 28),
(2, 29),
(2, 30),
(2, 31),
(2, 32),
(2, 33),
(2, 34),
(2, 35),
(2, 36),
(2, 37),
(2, 38),
(2, 39),
(2, 40),
(2, 41),
(2, 42),
(2, 43),
(2, 44),
(2, 45),
(2, 46),
(2, 47),
(2, 48),
(2, 49),
(2, 50),
(2, 51),
(2, 52),
(2, 53),
(2, 54),
(2, 55),
(2, 56),
(2, 57),
(2, 58),
(2, 59),
(2, 60),
(2, 61),
(2, 62),
(2, 63),
(2, 64),
(2, 65),
(2, 66),
(2, 67),
(2, 68),
(2, 69),
(2, 70),
(2, 71),
(2, 73),
(2, 74),
(2, 75),
(2, 76),
(2, 77),
(2, 78),
(2, 79),
(2, 80),
(2, 81),
(2, 82),
(2, 83),
(2, 84),
(2, 85),
(2, 86),
(2, 87),
(2, 88),
(2, 89),
(2, 90),
(2, 91),
(2, 92),
(2, 93),
(2, 94),
(2, 95),
(2, 96),
(2, 97),
(2, 98),
(2, 99);

-- --------------------------------------------------------

--
-- è¡¨çš„ç»“æ„ `pp_works`
--

CREATE TABLE IF NOT EXISTS `pp_works` (
  `id` int(11) unsigned NOT NULL AUTO_INCREMENT COMMENT 'è‡ªå¢id',
  `content` text NOT NULL COMMENT 'æ–‡ç« ',
  `status` tinyint(1) NOT NULL DEFAULT '0' COMMENT 'çŠ¶æ€ï¼š1-æ­£å¸¸ï¼Œ0-åˆ é™¤',
  `create_id` int(11) NOT NULL DEFAULT '0' COMMENT 'ç”¨æˆ·ID',
  `update_id` int(11) NOT NULL DEFAULT '0' COMMENT 'ç”¨æˆ·ID',
  `create_time` int(11) NOT NULL DEFAULT '0' COMMENT 'åˆ›å»ºæ—¶é—´',
  `update_time` int(11) NOT NULL DEFAULT '0' COMMENT 'åˆ›å»ºæ—¶é—´',
  `title` varchar(150) NOT NULL DEFAULT '' COMMENT 'æ ‡é¢˜',
  `video_path` varchar(512) NOT NULL DEFAULT '' COMMENT 'è§†é¢‘åœ°å€',
  `type` int(1) NOT NULL COMMENT 'ä½œå“è§†é¢‘ 1 ',
  PRIMARY KEY (`id`)
) ENGINE=InnoDB  DEFAULT CHARSET=utf8mb4 AUTO_INCREMENT=47 ;

--
-- è½¬å­˜è¡¨ä¸­çš„æ•°æ® `pp_works`
--

INSERT INTO `pp_works` (`id`, `content`, `status`, `create_id`, `update_id`, `create_time`, `update_time`, `title`, `video_path`, `type`) VALUES
(34, '', 0, 0, 0, 1535783981, 1535784040, 'zcdsdgs2222111', 'drgsdg2222111', 1),
(35, '', 0, 0, 0, 1535785091, 0, 'zSxcSZ', 'æ˜¯çš„æ’’ä¸Š', 1),
(36, '', 0, 0, 0, 1535787766, 0, 'zscdZ', 'zscdS', 1),
(37, 'sdfsafvd', 0, 0, 0, 1535787854, 0, '111', '111', 1),
(38, 'gujhujhgj', 0, 0, 0, 1535788019, 0, 'sfd', 'xvfc', 1),
(39, '2222', 0, 0, 0, 1535788283, 0, '222', '222', 1),
(40, '4444', 0, 0, 0, 1535788468, 0, '444', '444', 1),
(41, '66666666666', 0, 0, 0, 1535788528, 0, '666', '66', 1),
(42, 'æ°´åˆ†æ“¦æ‹­', 0, 0, 0, 1535788839, 0, 'æƒ³åˆ°å¤„éƒ½æ˜¯åœ¨', 'æ—©ä¸Šåƒçš„æ’’çš„', 1),
(43, 'q2222222<img src="/static/upload/image/20180901/timg1.jpg" alt="" />', 1, 0, 0, 1535789121, 1539449950, '111', 'http://08headline.oss-cn-zhangjiakou.aliyuncs.com/%E7%BD%91%E7%AB%99%E8%A7%86%E9%A2%91%E4%BD%9C%E5%93%81/mp4.mp4?Expires=1539452415&OSSAccessKeyId=TMP.AQFMejXzjNKeYgRazWEbFVQ3-8jS2jCV4siDmyu6q9p9qFLuFyjjp_73cOYEADAtAhQ-G2rqadMketPZVpUYXlQxdX81xQIVAMl5AtFqWbwX5x5OYh-I0EBFh2xZ&Signature=KIk%2F%2Fa%2FkjSweB4Bqf5rAYArACms%3D', 1),
(44, '<img src="/static/upload/image/20180930/bank3.png" alt="" />', 1, 0, 0, 1535789445, 1539449932, 'AXA', 'http://08headline.oss-cn-zhangjiakou.aliyuncs.com/%E7%BD%91%E7%AB%99%E8%A7%86%E9%A2%91%E4%BD%9C%E5%93%81/mp4.mp4?Expires=1539452415&OSSAccessKeyId=TMP.AQFMejXzjNKeYgRazWEbFVQ3-8jS2jCV4siDmyu6q9p9qFLuFyjjp_73cOYEADAtAhQ-G2rqadMketPZVpUYXlQxdX81xQIVAMl5AtFqWbwX5x5OYh-I0EBFh2xZ&Signature=KIk%2F%2Fa%2FkjSweB4Bqf5rAYArACms%3D', 1),
(45, '<img src="/static/upload/image/20180930/bank2.png" alt="" />', 1, 0, 0, 1535790884, 1539449914, 'åœ¨Sæµ‹è¯•åœ°å€', 'http://08headline.oss-cn-zhangjiakou.aliyuncs.com/%E7%BD%91%E7%AB%99%E8%A7%86%E9%A2%91%E4%BD%9C%E5%93%81/mp4.mp4?Expires=1539452415&OSSAccessKeyId=TMP.AQFMejXzjNKeYgRazWEbFVQ3-8jS2jCV4siDmyu6q9p9qFLuFyjjp_73cOYEADAtAhQ-G2rqadMketPZVpUYXlQxdX81xQIVAMl5AtFqWbwX5x5OYh-I0EBFh2xZ&Signature=KIk%2F%2Fa%2FkjSweB4Bqf5rAYArACms%3D', 1),
(46, '<img src="/static/upload/image/20180930/bank1.png" alt="" />', 1, 0, 0, 1535880856, 1539449857, 'fdcdas', 'http://08headline.oss-cn-zhangjiakou.aliyuncs.com/%E7%BD%91%E7%AB%99%E8%A7%86%E9%A2%91%E4%BD%9C%E5%93%81/mp4.mp4?Expires=1539452415&OSSAccessKeyId=TMP.AQFMejXzjNKeYgRazWEbFVQ3-8jS2jCV4siDmyu6q9p9qFLuFyjjp_73cOYEADAtAhQ-G2rqadMketPZVpUYXlQxdX81xQIVAMl5AtFqWbwX5x5OYh-I0EBFh2xZ&Signature=KIk%2F%2Fa%2FkjSweB4Bqf5rAYArACms%3D', 1);

/*!40101 SET CHARACTER_SET_CLIENT=@OLD_CHARACTER_SET_CLIENT */;
/*!40101 SET CHARACTER_SET_RESULTS=@OLD_CHARACTER_SET_RESULTS */;
/*!40101 SET COLLATION_CONNECTION=@OLD_COLLATION_CONNECTION */;
